,Date,Symbol,Close,High,Low,Open,Volume,compound,neg,neu,pos,Next_Close,Next_Open,Prev_Close,Prev_Slope,Next_Slope,Diff_Slope
0,2014-01-02,PDCO,40.799999,41.279999,40.639999,41.09,577900.0,,,,,41.330002,40.939999,,,0.530003,
1,2014-01-03,PDCO,41.330002,41.459999,40.830002,40.939999,672600.0,,,,,40.950001,41.290001,40.799999,0.530003,-0.380001,-0.910004
2,2014-01-06,PDCO,40.950001,41.299999,40.759998,41.290001,866900.0,,,,,41.580002,41.200001,41.330002,-0.380001,0.630001,1.010002
3,2014-01-07,PDCO,41.580002,41.75,41.040001,41.200001,514300.0,,,,,41.259998,41.580002,40.950001,0.630001,-0.320004,-0.950005
4,2014-01-08,PDCO,41.259998,41.810001,41.119999,41.580002,654800.0,,,,,41.290001,40.16,41.580002,-0.320004,0.030003,0.350007
5,2014-01-09,PDCO,41.290001,41.330002,40.099998,40.16,936000.0,,,,,40.950001,41.189999,41.259998,0.030003,-0.34,-0.370003
6,2014-01-10,PDCO,40.950001,41.369999,40.700001,41.189999,685600.0,,,,,40.509998,40.919998,41.290001,-0.34,-0.440003,-0.100003
7,2014-01-13,PDCO,40.509998,41.150002,40.360001,40.919998,508000.0,,,,,40.880001,40.68,40.950001,-0.440003,0.370003,0.810006
8,2014-01-14,PDCO,40.880001,41.110001,40.369999,40.68,542900.0,,,,,40.990002,41.060001,40.509998,0.370003,0.110001,-0.260002
9,2014-01-15,PDCO,40.990002,41.209999,40.869999,41.060001,360400.0,,,,,41.200001,40.889999,40.880001,0.110001,0.209999,0.099998
10,2014-01-16,PDCO,41.200001,41.259998,40.889999,40.889999,526500.0,,,,,40.98,41.240002,40.990002,0.209999,-0.220001,-0.43
11,2014-01-17,PDCO,40.98,41.299999,40.93,41.240002,653500.0,,,,,41.330002,41.139999,41.200001,-0.220001,0.350002,0.570003
12,2014-01-21,PDCO,41.330002,41.369999,41.009998,41.139999,490400.0,,,,,41.5,41.52,40.98,0.350002,0.169998,-0.180004
13,2014-01-22,PDCO,41.5,41.689999,41.400002,41.52,520200.0,,,,,40.68,41.380001,41.330002,0.169998,-0.82,-0.989998
14,2014-01-23,PDCO,40.68,41.560001,40.610001,41.380001,692200.0,,,,,39.990002,40.459999,41.5,-0.82,-0.689998,0.130002
15,2014-01-24,PDCO,39.990002,40.740002,39.790001,40.459999,1077200.0,,,,,39.849998,39.880001,40.68,-0.689998,-0.140004,0.549994
16,2014-01-27,PDCO,39.849998,40.0,39.689999,39.880001,1009000.0,,,,,40.110001,39.790001,39.990002,-0.140004,0.260003,0.400007
17,2014-01-28,PDCO,40.110001,40.400002,39.790001,39.790001,1448800.0,0.9957,0.058,0.82,0.122,39.98,39.91,39.849998,0.260003,-0.130001,-0.390004
18,2014-01-29,PDCO,39.98,40.25,39.689999,39.91,865200.0,,,,,40.27,40.27,40.110001,-0.130001,0.29,0.420001
19,2014-01-30,PDCO,40.27,40.59,40.200001,40.27,488700.0,,,,,39.959999,39.790001,39.98,0.29,-0.310001,-0.600001
20,2014-01-31,PDCO,39.959999,40.09,39.540001,39.790001,747000.0,,,,,39.049999,40.060001,40.27,-0.310001,-0.91,-0.599999
21,2014-02-03,PDCO,39.049999,40.169998,38.91,40.060001,1509200.0,,,,,39.25,39.119999,39.959999,-0.91,0.200001,1.110001
22,2014-02-04,PDCO,39.25,39.419998,38.84,39.119999,1012700.0,,,,,39.380001,39.099998,39.049999,0.200001,0.130001,-0.07
23,2014-02-05,PDCO,39.380001,39.599998,38.779999,39.099998,790300.0,,,,,39.52,39.400002,39.25,0.130001,0.139999,0.009998
24,2014-02-06,PDCO,39.52,39.580002,39.060001,39.400002,554100.0,,,,,39.689999,39.66,39.380001,0.139999,0.169999,0.03
25,2014-02-07,PDCO,39.689999,39.939999,39.279999,39.66,815500.0,,,,,40.299999,39.689999,39.52,0.169999,0.61,0.440001
26,2014-02-10,PDCO,40.299999,40.330002,39.41,39.689999,781300.0,,,,,40.610001,40.299999,39.689999,0.61,0.310002,-0.299998
27,2014-02-11,PDCO,40.610001,41.009998,40.18,40.299999,772800.0,,,,,40.080002,40.610001,40.299999,0.310002,-0.529999,-0.840001
28,2014-02-12,PDCO,40.080002,40.950001,40.049999,40.610001,1290700.0,,,,,40.389999,39.950001,40.610001,-0.529999,0.309997,0.839996
29,2014-02-13,PDCO,40.389999,40.52,39.529999,39.950001,874700.0,,,,,40.299999,40.400002,40.080002,0.309997,-0.09,-0.399997
30,2014-02-14,PDCO,40.299999,40.720001,40.259998,40.400002,682300.0,,,,,39.98,40.27,40.389999,-0.09,-0.319999,-0.229999
31,2014-02-18,PDCO,39.98,40.700001,39.98,40.27,903000.0,,,,,39.740002,39.91,40.299999,-0.319999,-0.239998,0.080001
32,2014-02-19,PDCO,39.740002,40.349998,39.669998,39.91,1235600.0,,,,,40.549999,39.630001,39.98,-0.239998,0.809997,1.049995
33,2014-02-20,PDCO,40.549999,40.740002,39.32,39.630001,957600.0,,,,,40.720001,40.52,39.740002,0.809997,0.170002,-0.639995
34,2014-02-21,PDCO,40.720001,40.990002,40.220001,40.52,921600.0,,,,,40.82,40.73,40.549999,0.170002,0.099999,-0.070003
35,2014-02-24,PDCO,40.82,41.080002,40.650002,40.73,664800.0,,,,,40.68,40.860001,40.720001,0.099999,-0.14,-0.239999
36,2014-02-25,PDCO,40.68,41.080002,40.639999,40.860001,487000.0,,,,,40.560001,40.610001,40.82,-0.14,-0.119999,0.020001
37,2014-02-26,PDCO,40.560001,40.91,40.419998,40.610001,323900.0,,,,,40.849998,40.52,40.68,-0.119999,0.289997,0.409996
38,2014-02-27,PDCO,40.849998,40.849998,40.380001,40.52,452700.0,,,,,41.16,40.950001,40.560001,0.289997,0.310002,0.020005
39,2014-02-28,PDCO,41.16,41.27,40.799999,40.950001,829500.0,,,,,40.830002,40.880001,40.849998,0.310002,-0.329998,-0.64
40,2014-03-03,PDCO,40.830002,40.950001,40.099998,40.880001,1523000.0,,,,,41.68,41.150002,41.16,-0.329998,0.849998,1.179996
41,2014-03-04,PDCO,41.68,42.150002,41.150002,41.150002,1409500.0,,,,,41.610001,41.720001,40.830002,0.849998,-0.069999,-0.919997
42,2014-03-05,PDCO,41.610001,41.720001,41.389999,41.720001,399100.0,,,,,42.0,41.799999,41.68,-0.069999,0.389999,0.459998
43,2014-03-06,PDCO,42.0,42.040001,41.66,41.799999,517900.0,,,,,42.0,42.009998,41.610001,0.389999,0.0,-0.389999
44,2014-03-07,PDCO,42.0,42.169998,41.779999,42.009998,622900.0,,,,,41.860001,41.970001,42.0,0.0,-0.139999,-0.139999
45,2014-03-10,PDCO,41.860001,42.0,41.689999,41.970001,352600.0,,,,,42.209999,41.950001,42.0,-0.139999,0.349998,0.489997
46,2014-03-11,PDCO,42.209999,42.689999,41.549999,41.950001,1443200.0,,,,,42.41,41.93,41.860001,0.349998,0.200001,-0.149997
47,2014-03-12,PDCO,42.41,42.630001,41.919998,41.93,1121700.0,,,,,41.810001,42.459999,42.209999,0.200001,-0.599999,-0.8
48,2014-03-13,PDCO,41.810001,42.580002,41.779999,42.459999,1013000.0,,,,,41.150002,41.740002,42.41,-0.599999,-0.659999,-0.06
49,2014-03-14,PDCO,41.150002,41.860001,41.110001,41.740002,904800.0,,,,,41.549999,41.349998,41.810001,-0.659999,0.399997,1.059996
50,2014-03-17,PDCO,41.549999,41.950001,41.279999,41.349998,489200.0,,,,,41.790001,41.610001,41.150002,0.399997,0.240002,-0.159995
51,2014-03-18,PDCO,41.790001,41.889999,41.549999,41.610001,402400.0,,,,,41.639999,41.880001,41.549999,0.240002,-0.150002,-0.390004
52,2014-03-19,PDCO,41.639999,42.630001,41.419998,41.880001,1047800.0,,,,,41.610001,41.610001,41.790001,-0.150002,-0.029998,0.120004
53,2014-03-20,PDCO,41.610001,42.009998,41.330002,41.610001,403900.0,,,,,41.139999,41.93,41.639999,-0.029998,-0.470002,-0.440004
54,2014-03-21,PDCO,41.139999,41.950001,41.099998,41.93,679600.0,,,,,41.0,41.200001,41.610001,-0.470002,-0.139999,0.330003
55,2014-03-24,PDCO,41.0,41.369999,40.540001,41.200001,703100.0,,,,,40.990002,41.169998,41.139999,-0.139999,-0.009998,0.130001
56,2014-03-25,PDCO,40.990002,41.32,40.700001,41.169998,533700.0,,,,,41.049999,41.049999,41.0,-0.009998,0.059997,0.069995
57,2014-03-26,PDCO,41.049999,41.459999,40.950001,41.049999,418400.0,,,,,40.790001,41.18,40.990002,0.059997,-0.259998,-0.319995
58,2014-03-27,PDCO,40.790001,41.259998,40.689999,41.18,330800.0,,,,,41.029999,40.900002,41.049999,-0.259998,0.239998,0.499996
59,2014-03-28,PDCO,41.029999,41.299999,40.82,40.900002,419500.0,,,,,41.759998,41.290001,40.790001,0.239998,0.729999,0.490001
60,2014-03-31,PDCO,41.759998,41.849998,41.07,41.290001,584700.0,,,,,42.130001,41.939999,41.029999,0.729999,0.370003,-0.359996
61,2014-04-01,PDCO,42.130001,42.169998,41.610001,41.939999,596700.0,,,,,42.299999,42.23,41.759998,0.370003,0.169998,-0.200005
62,2014-04-02,PDCO,42.299999,42.630001,42.110001,42.23,759800.0,,,,,43.009998,42.490002,42.130001,0.169998,0.709999,0.540001
63,2014-04-03,PDCO,43.009998,43.099998,42.290001,42.490002,1591000.0,,,,,42.470001,43.130001,42.299999,0.709999,-0.539997,-1.249996
64,2014-04-04,PDCO,42.470001,43.490002,42.259998,43.130001,663600.0,,,,,41.82,42.419998,43.009998,-0.539997,-0.650001,-0.110004
65,2014-04-07,PDCO,41.82,42.779999,41.740002,42.419998,512900.0,,,,,42.169998,41.77,42.470001,-0.650001,0.349998,0.999999
66,2014-04-08,PDCO,42.169998,42.34,41.619999,41.77,576100.0,,,,,43.009998,41.959999,41.82,0.349998,0.84,0.490002
67,2014-04-09,PDCO,43.009998,43.040001,41.66,41.959999,1597800.0,,,,,41.580002,42.950001,42.169998,0.84,-1.429996,-2.269996
68,2014-04-10,PDCO,41.580002,43.02,41.580002,42.950001,1416700.0,,,,,40.82,41.439999,43.009998,-1.429996,-0.760002,0.669994
69,2014-04-11,PDCO,40.82,41.82,40.82,41.439999,710000.0,,,,,41.130001,41.02,41.580002,-0.760002,0.310001,1.070003
70,2014-04-14,PDCO,41.130001,41.279999,40.650002,41.02,514200.0,,,,,41.369999,41.240002,40.82,0.310001,0.239998,-0.070003
71,2014-04-15,PDCO,41.369999,41.57,40.419998,41.240002,752300.0,,,,,40.779999,41.75,41.130001,0.239998,-0.59,-0.829998
72,2014-04-16,PDCO,40.779999,41.82,40.599998,41.75,972700.0,,,,,41.040001,40.869999,41.369999,-0.59,0.260002,0.850002
73,2014-04-17,PDCO,41.040001,41.220001,40.59,40.869999,618500.0,,,,,41.290001,41.099998,40.779999,0.260002,0.25,-0.010002
74,2014-04-21,PDCO,41.290001,41.299999,40.68,41.099998,400400.0,,,,,41.209999,41.299999,41.040001,0.25,-0.080002,-0.330002
75,2014-04-22,PDCO,41.209999,41.560001,41.200001,41.299999,417600.0,,,,,41.200001,41.09,41.290001,-0.080002,-0.009998,0.070004
76,2014-04-23,PDCO,41.200001,41.450001,40.84,41.09,533600.0,,,,,40.93,41.349998,41.209999,-0.009998,-0.270001,-0.260003
77,2014-04-24,PDCO,40.93,41.349998,40.849998,41.349998,432300.0,,,,,40.91,40.880001,41.200001,-0.270001,-0.02,0.250001
78,2014-04-25,PDCO,40.91,41.150002,40.689999,40.880001,314300.0,,,,,41.02,40.93,40.93,-0.02,0.11,0.13
79,2014-04-28,PDCO,41.02,41.380001,40.450001,40.93,321700.0,,,,,41.02,41.009998,40.91,0.11,0.0,-0.11
80,2014-04-29,PDCO,41.02,41.259998,40.869999,41.009998,249000.0,,,,,40.700001,40.900002,41.02,0.0,-0.319999,-0.319999
81,2014-04-30,PDCO,40.700001,40.990002,40.43,40.900002,640500.0,,,,,40.82,40.540001,41.02,-0.319999,0.119999,0.439998
82,2014-05-01,PDCO,40.82,41.080002,40.369999,40.540001,442300.0,,,,,40.459999,40.139999,40.700001,0.119999,-0.360001,-0.48
83,2014-05-02,PDCO,40.459999,41.040001,39.299999,40.139999,386500.0,,,,,40.560001,40.200001,40.82,-0.360001,0.100002,0.460003
84,2014-05-05,PDCO,40.560001,40.73,40.02,40.200001,637200.0,,,,,40.290001,40.439999,40.459999,0.100002,-0.27,-0.370002
85,2014-05-06,PDCO,40.290001,40.709999,40.279999,40.439999,738900.0,,,,,40.5,40.380001,40.560001,-0.27,0.209999,0.479999
86,2014-05-07,PDCO,40.5,40.610001,40.099998,40.380001,438800.0,,,,,40.52,40.389999,40.290001,0.209999,0.02,-0.189999
87,2014-05-08,PDCO,40.52,40.919998,40.330002,40.389999,394600.0,,,,,41.349998,40.450001,40.5,0.02,0.829998,0.809998
88,2014-05-09,PDCO,41.349998,41.389999,40.23,40.450001,683600.0,,,,,41.540001,41.529999,40.52,0.829998,0.190003,-0.639995
89,2014-05-12,PDCO,41.540001,41.860001,41.43,41.529999,399800.0,,,,,41.490002,41.580002,41.349998,0.190003,-0.049999,-0.240002
90,2014-05-13,PDCO,41.490002,41.700001,41.34,41.580002,448000.0,,,,,41.200001,41.419998,41.540001,-0.049999,-0.290001,-0.240002
91,2014-05-14,PDCO,41.200001,41.540001,41.110001,41.419998,359000.0,,,,,40.869999,41.150002,41.490002,-0.290001,-0.330002,-0.040001
92,2014-05-15,PDCO,40.869999,41.150002,40.66,41.150002,473900.0,,,,,41.130001,40.919998,41.200001,-0.330002,0.260002,0.590004
93,2014-05-16,PDCO,41.130001,41.130001,40.650002,40.919998,514900.0,,,,,41.220001,40.959999,40.869999,0.260002,0.09,-0.170002
94,2014-05-19,PDCO,41.220001,41.41,40.959999,40.959999,737100.0,,,,,40.66,41.009998,41.130001,0.09,-0.560001,-0.650001
95,2014-05-20,PDCO,40.66,41.16,40.490002,41.009998,1523900.0,,,,,41.029999,40.790001,41.220001,-0.560001,0.369999,0.93
96,2014-05-21,PDCO,41.029999,41.240002,40.599998,40.790001,921300.0,,,,,39.23,38.439999,40.66,0.369999,-1.799999,-2.169998
97,2014-05-22,PDCO,39.23,40.150002,37.029999,38.439999,3147900.0,,,,,39.080002,39.099998,41.029999,-1.799999,-0.149998,1.650001
98,2014-05-23,PDCO,39.080002,39.380001,38.619999,39.099998,1844100.0,,,,,39.099998,39.310001,39.23,-0.149998,0.019996,0.169994
99,2014-05-27,PDCO,39.099998,39.450001,38.889999,39.310001,1601600.0,,,,,38.990002,39.07,39.080002,0.019996,-0.109996,-0.129992
100,2014-05-28,PDCO,38.990002,39.27,38.790001,39.07,1293500.0,,,,,39.049999,39.040001,39.099998,-0.109996,0.059997,0.169993
101,2014-05-29,PDCO,39.049999,39.23,38.919998,39.040001,619700.0,,,,,39.16,38.959999,38.990002,0.059997,0.110001,0.050004
102,2014-05-30,PDCO,39.16,39.279999,38.959999,38.959999,2029000.0,,,,,39.130001,39.18,39.049999,0.110001,-0.029999,-0.14
103,2014-06-02,PDCO,39.130001,39.25,39.02,39.18,584000.0,,,,,39.200001,39.049999,39.16,-0.029999,0.07,0.099999
104,2014-06-03,PDCO,39.200001,39.240002,39.02,39.049999,696900.0,,,,,39.060001,39.130001,39.130001,0.07,-0.14,-0.21
105,2014-06-04,PDCO,39.060001,39.23,38.990002,39.130001,998400.0,,,,,39.0,39.32,39.200001,-0.14,-0.060001,0.079999
106,2014-06-05,PDCO,39.0,39.32,38.959999,39.32,809200.0,,,,,39.259998,39.150002,39.060001,-0.060001,0.259998,0.319999
107,2014-06-06,PDCO,39.259998,39.290001,38.939999,39.150002,830500.0,,,,,39.599998,39.310001,39.0,0.259998,0.34,0.080002
108,2014-06-09,PDCO,39.599998,39.639999,39.200001,39.310001,575300.0,,,,,39.349998,39.389999,39.259998,0.34,-0.25,-0.59
109,2014-06-10,PDCO,39.349998,39.5,39.259998,39.389999,412900.0,,,,,39.029999,39.169998,39.599998,-0.25,-0.319999,-0.069999
110,2014-06-11,PDCO,39.029999,39.23,38.900002,39.169998,569800.0,,,,,38.759998,39.040001,39.349998,-0.319999,-0.270001,0.049998
111,2014-06-12,PDCO,38.759998,39.209999,38.639999,39.040001,1027400.0,,,,,38.709999,38.790001,39.029999,-0.270001,-0.049999,0.220002
112,2014-06-13,PDCO,38.709999,38.970001,38.599998,38.790001,720200.0,,,,,38.830002,39.52,38.759998,-0.049999,0.120003,0.170002
113,2014-06-16,PDCO,38.830002,39.540001,38.580002,39.52,1286300.0,,,,,38.98,38.91,38.709999,0.120003,0.149998,0.029995
114,2014-06-17,PDCO,38.98,39.07,38.75,38.91,474900.0,,,,,39.279999,38.98,38.830002,0.149998,0.299999,0.150001
115,2014-06-18,PDCO,39.279999,39.330002,38.84,38.98,677900.0,,,,,39.419998,39.32,38.98,0.299999,0.139999,-0.16
116,2014-06-19,PDCO,39.419998,39.439999,39.16,39.32,583500.0,,,,,39.779999,39.439999,39.279999,0.139999,0.360001,0.220002
117,2014-06-20,PDCO,39.779999,39.799999,39.330002,39.439999,1120300.0,,,,,39.84,39.84,39.419998,0.360001,0.060001,-0.3
118,2014-06-23,PDCO,39.84,40.040001,39.77,39.84,630800.0,,,,,40.099998,39.779999,39.779999,0.060001,0.259998,0.199997
119,2014-06-24,PDCO,40.099998,40.439999,39.779999,39.779999,696100.0,,,,,40.32,40.169998,39.84,0.259998,0.220002,-0.039996
120,2014-06-25,PDCO,40.32,40.459999,40.130001,40.169998,428900.0,,,,,40.119999,40.41,40.099998,0.220002,-0.200001,-0.420003
121,2014-06-26,PDCO,40.119999,40.48,40.099998,40.41,719400.0,,,,,39.93,40.0,40.32,-0.200001,-0.189999,0.010002
122,2014-06-27,PDCO,39.93,40.150002,39.720001,40.0,2357000.0,,,,,39.509998,41.93,40.119999,-0.189999,-0.420002,-0.230003
123,2014-06-30,PDCO,39.509998,41.93,39.43,41.93,1397600.0,,,,,39.639999,39.630001,39.93,-0.420002,0.130001,0.550003
124,2014-07-01,PDCO,39.639999,39.939999,39.389999,39.630001,1274300.0,,,,,39.529999,39.580002,39.509998,0.130001,-0.11,-0.240001
125,2014-07-02,PDCO,39.529999,39.779999,39.389999,39.580002,828100.0,,,,,39.75,39.619999,39.639999,-0.11,0.220001,0.330001
126,2014-07-03,PDCO,39.75,39.810001,39.59,39.619999,581700.0,,,,,39.619999,39.349998,39.529999,0.220001,-0.130001,-0.350002
127,2014-07-07,PDCO,39.619999,39.639999,39.299999,39.349998,759600.0,,,,,39.549999,39.41,39.75,-0.130001,-0.07,0.060001
128,2014-07-08,PDCO,39.549999,39.57,39.299999,39.41,532700.0,,,,,39.369999,39.48,39.619999,-0.07,-0.18,-0.11
129,2014-07-09,PDCO,39.369999,39.709999,39.220001,39.48,479400.0,,,,,39.110001,39.080002,39.549999,-0.18,-0.259998,-0.079998
130,2014-07-10,PDCO,39.110001,39.16,38.91,39.080002,411800.0,,,,,39.290001,39.029999,39.369999,-0.259998,0.18,0.439998
131,2014-07-11,PDCO,39.290001,39.310001,38.810001,39.029999,506900.0,,,,,39.16,39.529999,39.110001,0.18,-0.130001,-0.310001
132,2014-07-14,PDCO,39.16,39.599998,39.080002,39.529999,306300.0,,,,,39.290001,39.07,39.290001,-0.130001,0.130001,0.260002
133,2014-07-15,PDCO,39.290001,39.34,38.889999,39.07,491300.0,,,,,39.619999,39.459999,39.16,0.130001,0.329998,0.199997
134,2014-07-16,PDCO,39.619999,39.650002,39.220001,39.459999,614700.0,,,,,38.68,39.389999,39.290001,0.329998,-0.939999,-1.269997
135,2014-07-17,PDCO,38.68,39.560001,38.630001,39.389999,739700.0,,,,,39.080002,38.650002,39.619999,-0.939999,0.400002,1.340001
136,2014-07-18,PDCO,39.080002,39.139999,38.419998,38.650002,682500.0,,,,,39.240002,39.029999,38.68,0.400002,0.16,-0.240002
137,2014-07-21,PDCO,39.240002,39.360001,38.470001,39.029999,740200.0,,,,,39.57,39.310001,39.080002,0.16,0.329998,0.169998
138,2014-07-22,PDCO,39.57,39.880001,39.310001,39.310001,799700.0,,,,,39.720001,39.700001,39.240002,0.329998,0.150001,-0.179997
139,2014-07-23,PDCO,39.720001,39.849998,39.419998,39.700001,459900.0,,,,,40.049999,39.900002,39.57,0.150001,0.329998,0.179997
140,2014-07-24,PDCO,40.049999,40.130001,39.580002,39.900002,625000.0,,,,,39.41,40.060001,39.720001,0.329998,-0.639999,-0.969997
141,2014-07-25,PDCO,39.41,40.060001,39.369999,40.060001,806000.0,,,,,39.66,39.41,40.049999,-0.639999,0.25,0.889999
142,2014-07-28,PDCO,39.66,39.68,39.099998,39.41,492700.0,,,,,39.349998,39.73,39.41,0.25,-0.310002,-0.560002
143,2014-07-29,PDCO,39.349998,39.73,39.330002,39.73,348600.0,,,,,39.59,39.5,39.66,-0.310002,0.240002,0.550004
144,2014-07-30,PDCO,39.59,39.700001,39.119999,39.5,397500.0,,,,,39.009998,39.419998,39.349998,0.240002,-0.580002,-0.820004
145,2014-07-31,PDCO,39.009998,39.490002,38.880001,39.419998,642000.0,,,,,38.970001,39.0,39.59,-0.580002,-0.039997,0.540005
146,2014-08-01,PDCO,38.970001,39.360001,38.48,39.0,716500.0,,,,,38.68,39.099998,39.009998,-0.039997,-0.290001,-0.250004
147,2014-08-04,PDCO,38.68,39.18,38.52,39.099998,556300.0,,,,,38.610001,38.43,38.970001,-0.290001,-0.069999,0.220002
148,2014-08-05,PDCO,38.610001,38.919998,38.41,38.43,404700.0,,,,,38.68,38.59,38.68,-0.069999,0.069999,0.139998
149,2014-08-06,PDCO,38.68,39.02,38.32,38.59,422300.0,,,,,38.27,38.810001,38.610001,0.069999,-0.41,-0.479999
150,2014-08-07,PDCO,38.27,39.07,38.189999,38.810001,332700.0,,,,,38.77,38.299999,38.68,-0.41,0.5,0.91
151,2014-08-08,PDCO,38.77,38.779999,38.040001,38.299999,313700.0,,,,,38.610001,38.84,38.27,0.5,-0.159999,-0.659999
152,2014-08-11,PDCO,38.610001,38.93,38.59,38.84,323100.0,,,,,38.950001,38.599998,38.77,-0.159999,0.34,0.499999
153,2014-08-12,PDCO,38.950001,39.080002,38.599998,38.599998,453700.0,,,,,39.049999,38.950001,38.610001,0.34,0.099998,-0.240002
154,2014-08-13,PDCO,39.049999,39.169998,38.720001,38.950001,513100.0,,,,,39.16,39.009998,38.950001,0.099998,0.110001,0.010003
155,2014-08-14,PDCO,39.16,39.25,38.990002,39.009998,362300.0,,,,,39.099998,39.259998,39.049999,0.110001,-0.060002,-0.170003
156,2014-08-15,PDCO,39.099998,39.360001,38.93,39.259998,641900.0,,,,,39.52,39.25,39.16,-0.060002,0.420002,0.480004
157,2014-08-18,PDCO,39.52,39.639999,39.080002,39.25,494000.0,,,,,40.060001,39.52,39.099998,0.420002,0.540001,0.119999
158,2014-08-19,PDCO,40.060001,40.099998,39.360001,39.52,608300.0,,,,,40.099998,40.0,39.52,0.540001,0.039997,-0.500004
159,2014-08-20,PDCO,40.099998,40.139999,39.790001,40.0,668700.0,,,,,40.73,39.25,40.060001,0.039997,0.630002,0.590005
160,2014-08-21,PDCO,40.73,41.07,39.25,39.25,1082400.0,,,,,40.630001,40.779999,40.099998,0.630002,-0.099999,-0.730001
161,2014-08-22,PDCO,40.630001,40.91,40.48,40.779999,523600.0,,,,,40.919998,40.709999,40.73,-0.099999,0.289997,0.389996
162,2014-08-25,PDCO,40.919998,40.950001,40.669998,40.709999,619700.0,,,,,40.470001,40.869999,40.630001,0.289997,-0.449997,-0.739994
163,2014-08-26,PDCO,40.470001,40.950001,40.400002,40.869999,621500.0,,,,,40.150002,40.5,40.919998,-0.449997,-0.319999,0.129998
164,2014-08-27,PDCO,40.150002,40.66,39.91,40.5,1031400.0,,,,,40.32,40.099998,40.470001,-0.319999,0.169998,0.489997
165,2014-08-28,PDCO,40.32,40.41,39.84,40.099998,424200.0,,,,,40.27,40.459999,40.150002,0.169998,-0.05,-0.219998
166,2014-08-29,PDCO,40.27,40.59,40.139999,40.459999,361900.0,,,,,40.32,40.25,40.32,-0.05,0.05,0.1
167,2014-09-02,PDCO,40.32,40.580002,40.16,40.25,595000.0,,,,,40.310001,40.540001,40.27,0.05,-0.009999,-0.059999
168,2014-09-03,PDCO,40.310001,40.799999,40.119999,40.540001,680300.0,,,,,40.200001,40.299999,40.32,-0.009999,-0.11,-0.100001
169,2014-09-04,PDCO,40.200001,40.59,40.029999,40.299999,378100.0,,,,,40.73,40.279999,40.310001,-0.11,0.529999,0.639999
170,2014-09-05,PDCO,40.73,40.790001,40.02,40.279999,513600.0,,,,,40.91,40.580002,40.200001,0.529999,0.18,-0.349999
171,2014-09-08,PDCO,40.91,40.919998,40.400002,40.580002,566100.0,,,,,40.709999,40.849998,40.73,0.18,-0.200001,-0.380001
172,2014-09-09,PDCO,40.709999,40.950001,40.630001,40.849998,519300.0,,,,,40.790001,40.299999,40.91,-0.200001,0.080002,0.280003
173,2014-09-10,PDCO,40.790001,40.84,40.299999,40.299999,382100.0,,,,,40.860001,40.540001,40.709999,0.080002,0.07,-0.010002
174,2014-09-11,PDCO,40.860001,40.900002,40.540001,40.540001,459600.0,,,,,40.57,40.939999,40.790001,0.07,-0.290001,-0.360001
175,2014-09-12,PDCO,40.57,40.950001,40.349998,40.939999,525600.0,,,,,40.560001,40.630001,40.860001,-0.290001,-0.009999,0.280002
176,2014-09-15,PDCO,40.560001,40.630001,40.25,40.630001,321800.0,,,,,40.360001,40.560001,40.57,-0.009999,-0.2,-0.190001
177,2014-09-16,PDCO,40.360001,40.639999,40.310001,40.560001,452100.0,,,,,40.639999,40.380001,40.560001,-0.2,0.279998,0.479998
178,2014-09-17,PDCO,40.639999,40.869999,40.23,40.380001,750700.0,,,,,40.950001,40.709999,40.360001,0.279998,0.310002,0.030004
179,2014-09-18,PDCO,40.950001,40.959999,40.619999,40.709999,553100.0,,,,,40.650002,41.009998,40.639999,0.310002,-0.299999,-0.610001
180,2014-09-19,PDCO,40.650002,41.150002,40.59,41.009998,1236800.0,,,,,40.450001,40.509998,40.950001,-0.299999,-0.200001,0.099998
181,2014-09-22,PDCO,40.450001,40.709999,40.32,40.509998,582600.0,,,,,41.450001,41.18,40.650002,-0.200001,1.0,1.200001
182,2014-09-23,PDCO,41.450001,41.619999,40.639999,41.18,1638100.0,,,,,42.259998,41.57,40.450001,1.0,0.809997,-0.190003
183,2014-09-24,PDCO,42.259998,42.259998,41.23,41.57,1054300.0,,,,,41.27,42.209999,41.450001,0.809997,-0.989998,-1.799995
184,2014-09-25,PDCO,41.27,42.209999,41.25,42.209999,747000.0,,,,,41.41,41.52,42.259998,-0.989998,0.14,1.129998
185,2014-09-26,PDCO,41.41,41.73,41.060001,41.52,449200.0,,,,,41.48,41.150002,41.27,0.14,0.07,-0.07
186,2014-09-29,PDCO,41.48,41.52,41.07,41.150002,447100.0,,,,,41.43,41.540001,41.41,0.07,-0.05,-0.12
187,2014-09-30,PDCO,41.43,41.900002,41.310001,41.540001,1059700.0,,,,,41.209999,41.48,41.48,-0.05,-0.220001,-0.170001
188,2014-10-01,PDCO,41.209999,41.580002,41.040001,41.48,1073500.0,,,,,41.52,41.290001,41.43,-0.220001,0.310001,0.530002
189,2014-10-02,PDCO,41.52,41.799999,41.139999,41.290001,1233500.0,,,,,42.25,41.77,41.209999,0.310001,0.73,0.419999
190,2014-10-03,PDCO,42.25,42.490002,41.720001,41.77,1344500.0,,,,,41.93,42.330002,41.52,0.73,-0.32,-1.05
191,2014-10-06,PDCO,41.93,42.610001,41.849998,42.330002,607400.0,,,,,41.279999,41.830002,42.25,-0.32,-0.650001,-0.330001
192,2014-10-07,PDCO,41.279999,41.970001,41.27,41.830002,1069000.0,,,,,41.560001,41.110001,41.93,-0.650001,0.280002,0.930003
193,2014-10-08,PDCO,41.560001,41.720001,41.040001,41.110001,709100.0,,,,,40.959999,41.5,41.279999,0.280002,-0.600002,-0.880004
194,2014-10-09,PDCO,40.959999,41.669998,40.84,41.5,609900.0,,,,,40.880001,40.950001,41.560001,-0.600002,-0.079998,0.520004
195,2014-10-10,PDCO,40.880001,41.290001,40.799999,40.950001,832900.0,,,,,40.209999,40.900002,40.959999,-0.079998,-0.670002,-0.590004
196,2014-10-13,PDCO,40.209999,40.939999,40.16,40.900002,800200.0,,,,,40.419998,40.360001,40.880001,-0.670002,0.209999,0.880001
197,2014-10-14,PDCO,40.419998,40.540001,40.110001,40.360001,643200.0,,,,,40.349998,40.189999,40.209999,0.209999,-0.07,-0.279999
198,2014-10-15,PDCO,40.349998,40.66,39.369999,40.189999,685200.0,,,,,39.810001,39.900002,40.419998,-0.07,-0.539997,-0.469997
199,2014-10-16,PDCO,39.810001,40.02,39.279999,39.900002,746400.0,,,,,40.419998,40.080002,40.349998,-0.539997,0.609997,1.149994
200,2014-10-17,PDCO,40.419998,40.48,39.830002,40.080002,619900.0,,,,,40.560001,41.150002,39.810001,0.609997,0.140003,-0.469994
201,2014-10-20,PDCO,40.560001,41.150002,40.130001,41.150002,592000.0,,,,,41.459999,40.700001,40.419998,0.140003,0.899998,0.759995
202,2014-10-21,PDCO,41.459999,41.57,40.599998,40.700001,460900.0,,,,,41.169998,41.599998,40.560001,0.899998,-0.290001,-1.189999
203,2014-10-22,PDCO,41.169998,41.700001,41.080002,41.599998,432400.0,,,,,41.560001,41.459999,41.459999,-0.290001,0.390003,0.680004
204,2014-10-23,PDCO,41.560001,41.75,41.290001,41.459999,313200.0,,,,,41.84,41.66,41.169998,0.390003,0.279999,-0.110004
205,2014-10-24,PDCO,41.84,41.98,41.490002,41.66,419500.0,,,,,42.200001,41.740002,41.560001,0.279999,0.360001,0.080002
206,2014-10-27,PDCO,42.200001,42.220001,41.43,41.740002,395400.0,,,,,42.27,42.310001,41.84,0.360001,0.069999,-0.290002
207,2014-10-28,PDCO,42.27,42.310001,41.900002,42.310001,354900.0,,,,,42.169998,42.25,42.200001,0.069999,-0.100002,-0.170001
208,2014-10-29,PDCO,42.169998,42.560001,41.959999,42.25,523900.0,,,,,42.639999,42.139999,42.27,-0.100002,0.470001,0.570003
209,2014-10-30,PDCO,42.639999,42.66,42.119999,42.139999,506300.0,,,,,43.110001,43.09,42.169998,0.470001,0.470002,1.00000001169e-06
210,2014-10-31,PDCO,43.110001,43.27,42.900002,43.09,476000.0,,,,,43.080002,43.189999,42.639999,0.470002,-0.029999,-0.500001
211,2014-11-03,PDCO,43.080002,43.25,42.959999,43.189999,296300.0,,,,,43.360001,42.889999,43.110001,-0.029999,0.279999,0.309998
212,2014-11-04,PDCO,43.360001,43.380001,42.84,42.889999,355500.0,,,,,43.689999,43.689999,43.080002,0.279999,0.329998,0.049999
213,2014-11-05,PDCO,43.689999,44.0,43.25,43.689999,477900.0,,,,,44.029999,43.830002,43.360001,0.329998,0.34,0.010002
214,2014-11-06,PDCO,44.029999,44.25,43.709999,43.830002,576800.0,,,,,43.990002,44.099998,43.689999,0.34,-0.039997,-0.379997
215,2014-11-07,PDCO,43.990002,44.200001,43.669998,44.099998,613400.0,,,,,44.150002,44.099998,44.029999,-0.039997,0.16,0.199997
216,2014-11-10,PDCO,44.150002,44.32,43.919998,44.099998,510900.0,,,,,44.27,44.099998,43.990002,0.16,0.119998,-0.040002
217,2014-11-11,PDCO,44.27,44.360001,43.869999,44.099998,439600.0,,,,,45.130001,44.259998,44.150002,0.119998,0.860001,0.740003
218,2014-11-12,PDCO,45.130001,45.130001,44.169998,44.259998,678700.0,,,,,45.700001,45.23,44.27,0.860001,0.57,-0.290001
219,2014-11-13,PDCO,45.700001,45.93,45.23,45.23,1375700.0,,,,,45.240002,45.619999,45.130001,0.57,-0.459999,-1.029999
220,2014-11-14,PDCO,45.240002,45.939999,44.990002,45.619999,827000.0,,,,,46.259998,45.75,45.700001,-0.459999,1.019996,1.479995
221,2014-11-17,PDCO,46.259998,46.41,45.529999,45.75,1209800.0,,,,,46.610001,46.259998,45.240002,1.019996,0.350003,-0.669993
222,2014-11-18,PDCO,46.610001,47.09,46.240002,46.259998,1389900.0,,,,,46.349998,46.470001,46.259998,0.350003,-0.260003,-0.610006
223,2014-11-19,PDCO,46.349998,46.68,46.18,46.470001,1203000.0,,,,,46.77,47.0,46.610001,-0.260003,0.420002,0.680005
224,2014-11-20,PDCO,46.77,47.380001,46.279999,47.0,1513400.0,,,,,46.610001,47.09,46.349998,0.420002,-0.159999,-0.580001
225,2014-11-21,PDCO,46.610001,47.220001,46.490002,47.09,1708700.0,,,,,47.66,46.830002,46.77,-0.159999,1.049999,1.209998
226,2014-11-24,PDCO,47.66,47.700001,46.75,46.830002,857100.0,,,,,47.75,47.59,46.610001,1.049999,0.09,-0.959999
227,2014-11-25,PDCO,47.75,47.810001,47.349998,47.59,1856700.0,,,,,47.77,47.77,47.66,0.09,0.02,-0.07
228,2014-11-26,PDCO,47.77,47.900002,47.549999,47.77,426300.0,,,,,48.18,47.990002,47.75,0.02,0.41,0.39
229,2014-11-28,PDCO,48.18,48.880001,47.720001,47.990002,384700.0,,,,,47.959999,48.169998,47.77,0.41,-0.220001,-0.630001
230,2014-12-01,PDCO,47.959999,48.310001,47.889999,48.169998,799700.0,,,,,48.259998,47.959999,48.18,-0.220001,0.299999,0.52
231,2014-12-02,PDCO,48.259998,48.310001,47.939999,47.959999,1217000.0,,,,,48.59,48.240002,47.959999,0.299999,0.330002,0.030003
232,2014-12-03,PDCO,48.59,48.619999,48.200001,48.240002,848100.0,,,,,48.98,48.700001,48.259998,0.330002,0.39,0.059998
233,2014-12-04,PDCO,48.98,49.09,48.66,48.700001,790700.0,,,,,48.740002,49.41,48.59,0.39,-0.239998,-0.629998
234,2014-12-05,PDCO,48.740002,49.5,48.650002,49.41,706100.0,,,,,48.57,48.720001,48.98,-0.239998,-0.170002,0.069996
235,2014-12-08,PDCO,48.57,49.040001,48.5,48.720001,884900.0,,,,,48.34,48.209999,48.740002,-0.170002,-0.23,-0.059998
236,2014-12-09,PDCO,48.34,48.43,48.009998,48.209999,745300.0,,,,,48.290001,48.41,48.57,-0.23,-0.049999,0.180001
237,2014-12-10,PDCO,48.290001,48.740002,48.150002,48.41,1078800.0,,,,,48.16,48.5,48.34,-0.049999,-0.130001,-0.080002
238,2014-12-11,PDCO,48.16,48.799999,48.09,48.5,608100.0,,,,,47.439999,47.98,48.290001,-0.130001,-0.720001,-0.59
239,2014-12-12,PDCO,47.439999,48.400002,47.43,47.98,610300.0,,,,,47.139999,47.57,48.16,-0.720001,-0.3,0.420001
240,2014-12-15,PDCO,47.139999,47.889999,47.07,47.57,825400.0,,,,,47.119999,47.09,47.439999,-0.3,-0.02,0.28
241,2014-12-16,PDCO,47.119999,47.669998,47.0,47.09,882800.0,,,,,47.990002,47.290001,47.139999,-0.02,0.870003,0.890003
242,2014-12-17,PDCO,47.990002,48.040001,46.650002,47.290001,920400.0,,,,,48.759998,48.389999,47.119999,0.870003,0.769996,-0.100007
243,2014-12-18,PDCO,48.759998,48.759998,48.049999,48.389999,607700.0,,,,,49.029999,48.98,47.990002,0.769996,0.270001,-0.499995
244,2014-12-19,PDCO,49.029999,49.400002,48.689999,48.98,1932800.0,,,,,49.110001,48.959999,48.759998,0.270001,0.080002,-0.189999
245,2014-12-22,PDCO,49.110001,49.459999,48.950001,48.959999,453200.0,,,,,48.810001,49.34,49.029999,0.080002,-0.3,-0.380002
246,2014-12-23,PDCO,48.810001,49.34,48.450001,49.34,482000.0,,,,,48.790001,48.860001,49.110001,-0.3,-0.02,0.28
247,2014-12-24,PDCO,48.790001,48.93,48.650002,48.860001,257500.0,,,,,48.759998,48.970001,48.810001,-0.02,-0.030003,-0.010003
248,2014-12-26,PDCO,48.759998,49.139999,48.709999,48.970001,256800.0,,,,,48.619999,48.529999,48.790001,-0.030003,-0.139999,-0.109996
249,2014-12-29,PDCO,48.619999,48.970001,48.389999,48.529999,528800.0,,,,,48.57,48.639999,48.759998,-0.139999,-0.049999,0.09
250,2014-12-30,PDCO,48.57,48.830002,48.43,48.639999,477300.0,,,,,48.099998,48.82,48.619999,-0.049999,-0.470002,-0.420003
251,2014-12-31,PDCO,48.099998,48.98,48.07,48.82,399400.0,,,,,48.549999,48.389999,48.57,-0.470002,0.450001,0.920003
252,2015-01-02,PDCO,48.549999,48.790001,48.25,48.389999,751700.0,,,,,48.360001,48.459999,48.099998,0.450001,-0.189998,-0.639999
253,2015-01-05,PDCO,48.360001,48.849998,48.220001,48.459999,592400.0,,,,,47.84,48.57,48.549999,-0.189998,-0.520001,-0.330003
254,2015-01-06,PDCO,47.84,48.77,47.610001,48.57,1435400.0,,,,,49.389999,47.810001,48.360001,-0.520001,1.549999,2.07
255,2015-01-07,PDCO,49.389999,49.52,47.68,47.810001,955000.0,,,,,50.209999,49.77,47.84,1.549999,0.82,-0.729999
256,2015-01-08,PDCO,50.209999,50.41,49.700001,49.77,1505300.0,,,,,50.43,50.310001,49.389999,0.82,0.220001,-0.599999
257,2015-01-09,PDCO,50.43,50.459999,49.630001,50.310001,880800.0,,,,,50.060001,50.610001,50.209999,0.220001,-0.369999,-0.59
258,2015-01-12,PDCO,50.060001,51.0,49.990002,50.610001,529100.0,,,,,50.18,50.77,50.43,-0.369999,0.119999,0.489998
259,2015-01-13,PDCO,50.18,51.25,49.98,50.77,805300.0,,,,,50.259998,49.84,50.060001,0.119999,0.079998,-0.040001
260,2015-01-14,PDCO,50.259998,50.580002,49.720001,49.84,929100.0,,,,,49.73,50.360001,50.18,0.079998,-0.529998,-0.609996
261,2015-01-15,PDCO,49.73,50.450001,49.720001,50.360001,495900.0,,,,,50.299999,49.77,50.259998,-0.529998,0.569999,1.099997
262,2015-01-16,PDCO,50.299999,50.360001,49.580002,49.77,734700.0,,,,,50.34,50.740002,49.73,0.569999,0.040001,-0.529998
263,2015-01-20,PDCO,50.34,51.0,49.779999,50.740002,417400.0,,,,,50.169998,50.09,50.299999,0.040001,-0.170002,-0.210003
264,2015-01-21,PDCO,50.169998,50.400002,49.889999,50.09,364100.0,,,,,51.450001,50.369999,50.34,-0.170002,1.280003,1.450005
265,2015-01-22,PDCO,51.450001,51.48,49.810001,50.369999,838400.0,,,,,51.189999,51.23,50.169998,1.280003,-0.260002,-1.540005
266,2015-01-23,PDCO,51.189999,51.490002,50.849998,51.23,598200.0,,,,,51.200001,51.02,51.450001,-0.260002,0.010002,0.270004
267,2015-01-26,PDCO,51.200001,51.23,50.490002,51.02,628200.0,,,,,51.060001,50.5,51.189999,0.010002,-0.14,-0.150002
268,2015-01-27,PDCO,51.060001,51.27,50.470001,50.5,549200.0,,,,,50.610001,51.32,51.200001,-0.14,-0.45,-0.31
269,2015-01-28,PDCO,50.610001,51.48,50.57,51.32,617900.0,,,,,50.98,50.529999,51.060001,-0.45,0.369999,0.819999
270,2015-01-29,PDCO,50.98,50.990002,50.209999,50.529999,660000.0,,,,,50.09,50.669998,50.610001,0.369999,-0.89,-1.259999
271,2015-01-30,PDCO,50.09,50.950001,50.02,50.669998,747800.0,,,,,49.93,50.389999,50.98,-0.89,-0.16,0.73
272,2015-02-02,PDCO,49.93,50.389999,49.02,50.389999,772500.0,,,,,50.59,50.0,50.09,-0.16,0.66,0.82
273,2015-02-03,PDCO,50.59,50.630001,49.77,50.0,777900.0,,,,,50.689999,50.470001,49.93,0.66,0.099999,-0.560001
274,2015-02-04,PDCO,50.689999,51.080002,50.110001,50.470001,524500.0,,,,,51.369999,50.919998,50.59,0.099999,0.68,0.580001
275,2015-02-05,PDCO,51.369999,51.450001,50.709999,50.919998,457000.0,,,,,50.580002,51.299999,50.689999,0.68,-0.789997,-1.469997
276,2015-02-06,PDCO,50.580002,51.450001,50.41,51.299999,597400.0,,,,,49.68,50.310001,51.369999,-0.789997,-0.900002,-0.110005
277,2015-02-09,PDCO,49.68,50.529999,49.549999,50.310001,764800.0,,,,,49.830002,49.82,50.580002,-0.900002,0.150002,1.050004
278,2015-02-10,PDCO,49.830002,50.0,49.540001,49.82,1013000.0,,,,,50.23,49.880001,49.68,0.150002,0.399998,0.249996
279,2015-02-11,PDCO,50.23,50.279999,49.66,49.880001,721900.0,,,,,50.810001,50.48,49.830002,0.399998,0.580001,0.180003
280,2015-02-12,PDCO,50.810001,50.880001,50.060001,50.48,600000.0,,,,,50.650002,50.68,50.23,0.580001,-0.159999,-0.74
281,2015-02-13,PDCO,50.650002,50.860001,50.150002,50.68,1305100.0,,,,,50.349998,49.84,50.810001,-0.159999,-0.300004,-0.140005
282,2015-02-17,PDCO,50.349998,50.52,49.84,49.84,1385500.0,,,,,50.220001,49.84,50.650002,-0.300004,-0.129997,0.170007
283,2015-02-18,PDCO,50.220001,50.599998,49.73,49.84,1527200.0,,,,,49.32,49.470001,50.349998,-0.129997,-0.900001,-0.770004
284,2015-02-19,PDCO,49.32,49.75,48.52,49.470001,2138000.0,,,,,49.290001,49.369999,50.220001,-0.900001,-0.029999,0.870002
285,2015-02-20,PDCO,49.290001,50.209999,49.0,49.369999,1379300.0,,,,,49.200001,49.279999,49.32,-0.029999,-0.09,-0.060001
286,2015-02-23,PDCO,49.200001,49.650002,49.09,49.279999,1252900.0,,,,,49.57,49.240002,49.290001,-0.09,0.369999,0.459999
287,2015-02-24,PDCO,49.57,49.639999,49.200001,49.240002,534200.0,,,,,49.34,49.490002,49.200001,0.369999,-0.23,-0.599999
288,2015-02-25,PDCO,49.34,49.73,49.259998,49.490002,515800.0,,,,,49.439999,49.349998,49.57,-0.23,0.099999,0.329999
289,2015-02-26,PDCO,49.439999,49.59,49.09,49.349998,1008800.0,,,,,50.080002,49.470001,49.34,0.099999,0.640003,0.540004
290,2015-02-27,PDCO,50.080002,50.299999,49.32,49.470001,1600900.0,,,,,50.380001,50.0,49.439999,0.640003,0.299999,-0.340004
291,2015-03-02,PDCO,50.380001,50.470001,49.57,50.0,638900.0,,,,,50.27,50.220001,50.080002,0.299999,-0.110001,-0.41
292,2015-03-03,PDCO,50.27,50.380001,49.98,50.220001,499600.0,,,,,50.27,50.060001,50.380001,-0.110001,0.0,0.110001
293,2015-03-04,PDCO,50.27,50.34,50.0,50.060001,560800.0,,,,,50.43,50.310001,50.27,0.0,0.16,0.16
294,2015-03-05,PDCO,50.43,50.610001,50.169998,50.310001,471800.0,,,,,49.34,50.099998,50.27,0.16,-1.09,-1.25
295,2015-03-06,PDCO,49.34,50.380001,49.240002,50.099998,574800.0,,,,,49.689999,49.48,50.43,-1.09,0.349999,1.439999
296,2015-03-09,PDCO,49.689999,49.799999,49.290001,49.48,495000.0,,,,,48.880001,49.330002,49.34,0.349999,-0.809998,-1.159997
297,2015-03-10,PDCO,48.880001,49.59,48.880001,49.330002,640200.0,,,,,47.959999,48.880001,49.689999,-0.809998,-0.920002,-0.110004
298,2015-03-11,PDCO,47.959999,48.900002,47.860001,48.880001,1792600.0,,,,,49.16,48.02,48.880001,-0.920002,1.200001,2.120003
299,2015-03-12,PDCO,49.16,49.209999,48.02,48.02,914300.0,,,,,48.5,49.169998,47.959999,1.200001,-0.66,-1.860001
300,2015-03-13,PDCO,48.5,49.169998,48.27,49.169998,702200.0,,,,,49.450001,48.779999,49.16,-0.66,0.950001,1.610001
301,2015-03-16,PDCO,49.450001,49.529999,48.779999,48.779999,570400.0,,,,,48.889999,49.169998,48.5,0.950001,-0.560002,-1.510003
302,2015-03-17,PDCO,48.889999,49.169998,48.549999,49.169998,550000.0,,,,,49.75,48.709999,49.450001,-0.560002,0.860001,1.420003
303,2015-03-18,PDCO,49.75,50.099998,48.709999,48.709999,1090200.0,,,,,49.82,49.82,48.889999,0.860001,0.07,-0.790001
304,2015-03-19,PDCO,49.82,49.990002,49.560001,49.82,460100.0,,,,,50.34,50.029999,49.75,0.07,0.52,0.45
305,2015-03-20,PDCO,50.34,50.389999,50.02,50.029999,558200.0,,,,,50.040001,50.27,49.82,0.52,-0.299999,-0.819999
306,2015-03-23,PDCO,50.040001,50.540001,49.990002,50.27,473300.0,,,,,49.5,49.82,50.34,-0.299999,-0.540001,-0.240002
307,2015-03-24,PDCO,49.5,50.130001,49.439999,49.82,621300.0,,,,,48.790001,49.630001,50.040001,-0.540001,-0.709999,-0.169998
308,2015-03-25,PDCO,48.790001,49.869999,48.790001,49.630001,421600.0,,,,,48.400002,48.689999,49.5,-0.709999,-0.389999,0.32
309,2015-03-26,PDCO,48.400002,48.759998,48.279999,48.689999,486400.0,,,,,48.73,48.32,48.790001,-0.389999,0.329998,0.719997
310,2015-03-27,PDCO,48.73,49.0,48.27,48.32,872700.0,,,,,49.099998,49.07,48.400002,0.329998,0.369998,0.04
311,2015-03-30,PDCO,49.099998,49.41,48.830002,49.07,622900.0,,,,,48.790001,49.040001,48.73,0.369998,-0.309997,-0.679995
312,2015-03-31,PDCO,48.790001,49.369999,48.790001,49.040001,639500.0,,,,,48.169998,48.779999,49.099998,-0.309997,-0.620003,-0.310006
313,2015-04-01,PDCO,48.169998,48.779999,47.810001,48.779999,1053200.0,,,,,48.459999,48.07,48.790001,-0.620003,0.290001,0.910004
314,2015-04-02,PDCO,48.459999,48.689999,47.799999,48.07,953000.0,,,,,48.27,48.09,48.169998,0.290001,-0.189999,-0.48
315,2015-04-06,PDCO,48.27,48.720001,48.029999,48.09,1594600.0,,,,,48.450001,48.330002,48.459999,-0.189999,0.180001,0.37
316,2015-04-07,PDCO,48.450001,48.84,48.27,48.330002,889500.0,,,,,48.09,48.41,48.27,0.180001,-0.360001,-0.540002
317,2015-04-08,PDCO,48.09,48.5,47.900002,48.41,817000.0,,,,,48.23,48.09,48.450001,-0.360001,0.14,0.500001
318,2015-04-09,PDCO,48.23,48.360001,47.889999,48.09,654700.0,,,,,48.330002,48.310001,48.09,0.14,0.100002,-0.039998
319,2015-04-10,PDCO,48.330002,48.599998,48.200001,48.310001,410200.0,,,,,48.23,48.330002,48.23,0.100002,-0.100002,-0.200004
320,2015-04-13,PDCO,48.23,48.759998,48.189999,48.330002,618500.0,,,,,48.130001,48.349998,48.330002,-0.100002,-0.099999,3.00000000664e-06
321,2015-04-14,PDCO,48.130001,48.349998,47.740002,48.349998,518500.0,,,,,47.650002,48.27,48.23,-0.099999,-0.479999,-0.38
322,2015-04-15,PDCO,47.650002,48.34,47.639999,48.27,757900.0,,,,,47.59,47.5,48.130001,-0.479999,-0.060002,0.419997
323,2015-04-16,PDCO,47.59,47.939999,47.43,47.5,698900.0,,,,,46.950001,47.25,47.650002,-0.060002,-0.639999,-0.579997
324,2015-04-17,PDCO,46.950001,49.130001,46.740002,47.25,1961000.0,0.447,0.0075,0.95025,0.04225,47.32,47.43,47.59,-0.639999,0.369999,1.009998
325,2015-04-20,PDCO,47.32,47.639999,47.080002,47.43,1708000.0,,,,,47.209999,47.490002,46.950001,0.369999,-0.110001,-0.48
326,2015-04-21,PDCO,47.209999,47.549999,47.029999,47.490002,1611600.0,,,,,47.34,47.200001,47.32,-0.110001,0.130001,0.240002
327,2015-04-22,PDCO,47.34,47.459999,46.98,47.200001,757700.0,,,,,47.5,47.360001,47.209999,0.130001,0.16,0.029999
328,2015-04-23,PDCO,47.5,47.73,47.209999,47.360001,614800.0,,,,,48.189999,47.380001,47.34,0.16,0.689999,0.529999
329,2015-04-24,PDCO,48.189999,48.400002,47.220001,47.380001,1473700.0,,,,,47.369999,48.439999,47.5,0.689999,-0.82,-1.509999
330,2015-04-27,PDCO,47.369999,48.439999,47.27,48.439999,681800.0,,,,,47.740002,47.310001,48.189999,-0.82,0.370003,1.190003
331,2015-04-28,PDCO,47.740002,47.790001,47.0,47.310001,621400.0,,,,,47.220001,47.389999,47.369999,0.370003,-0.520001,-0.890004
332,2015-04-29,PDCO,47.220001,47.619999,46.990002,47.389999,596100.0,,,,,46.959999,47.049999,47.740002,-0.520001,-0.260002,0.259999
333,2015-04-30,PDCO,46.959999,47.48,46.84,47.049999,892400.0,,,,,47.080002,47.060001,47.220001,-0.260002,0.120003,0.380005
334,2015-05-01,PDCO,47.080002,47.48,46.959999,47.060001,614100.0,,,,,46.360001,47.549999,46.959999,0.120003,-0.720001,-0.840004
335,2015-05-04,PDCO,46.360001,48.549999,45.599998,47.549999,4294600.0,0.712533333333,0.0136666666667,0.928666666667,0.0576666666667,45.900002,46.139999,47.080002,-0.720001,-0.459999,0.260002
336,2015-05-05,PDCO,45.900002,46.799999,45.630001,46.139999,1699100.0,,,,,45.610001,46.080002,46.360001,-0.459999,-0.290001,0.169998
337,2015-05-06,PDCO,45.610001,46.32,45.32,46.080002,979400.0,,,,,45.849998,45.509998,45.900002,-0.290001,0.239997,0.529998
338,2015-05-07,PDCO,45.849998,46.150002,45.41,45.509998,564900.0,,,,,46.060001,46.52,45.610001,0.239997,0.210003,-0.029994
339,2015-05-08,PDCO,46.060001,46.57,45.93,46.52,744200.0,,,,,46.07,46.139999,45.849998,0.210003,0.009999,-0.200004
340,2015-05-11,PDCO,46.07,46.32,45.849998,46.139999,656700.0,,,,,45.830002,45.880001,46.060001,0.009999,-0.239998,-0.249997
341,2015-05-12,PDCO,45.830002,45.990002,45.650002,45.880001,642300.0,,,,,45.990002,45.98,46.07,-0.239998,0.16,0.399998
342,2015-05-13,PDCO,45.990002,46.27,45.849998,45.98,986500.0,,,,,46.450001,46.119999,45.830002,0.16,0.459999,0.299999
343,2015-05-14,PDCO,46.450001,46.669998,45.869999,46.119999,641400.0,,,,,46.52,46.549999,45.990002,0.459999,0.069999,-0.39
344,2015-05-15,PDCO,46.52,46.75,46.369999,46.549999,1298500.0,,,,,46.860001,46.470001,46.450001,0.069999,0.340001,0.270002
345,2015-05-18,PDCO,46.860001,47.029999,46.360001,46.470001,980200.0,,,,,47.330002,46.919998,46.52,0.340001,0.470001,0.13
346,2015-05-19,PDCO,47.330002,47.389999,46.740002,46.919998,1019900.0,,,,,47.41,47.279999,46.860001,0.470001,0.079998,-0.390003
347,2015-05-20,PDCO,47.41,47.68,47.150002,47.279999,899600.0,,,,,47.169998,48.310001,47.330002,0.079998,-0.240002,-0.32
348,2015-05-21,PDCO,47.169998,48.860001,47.110001,48.310001,1672100.0,,,,,47.68,47.209999,47.41,-0.240002,0.510002,0.750004
349,2015-05-22,PDCO,47.68,47.919998,47.150002,47.209999,1485200.0,,,,,47.16,47.470001,47.169998,0.510002,-0.52,-1.030002
350,2015-05-26,PDCO,47.16,47.779999,47.119999,47.470001,1088600.0,,,,,47.259998,47.400002,47.68,-0.52,0.099998,0.619998
351,2015-05-27,PDCO,47.259998,47.470001,47.02,47.400002,1080000.0,,,,,47.580002,47.23,47.16,0.099998,0.320004,0.220006
352,2015-05-28,PDCO,47.580002,47.810001,47.080002,47.23,1110300.0,,,,,47.84,47.459999,47.259998,0.320004,0.259998,-0.060006
353,2015-05-29,PDCO,47.84,48.169998,47.450001,47.459999,1461400.0,,,,,47.970001,47.919998,47.580002,0.259998,0.130001,-0.129997
354,2015-06-01,PDCO,47.970001,48.23,47.599998,47.919998,668100.0,,,,,47.740002,47.919998,47.84,0.130001,-0.229999,-0.36
355,2015-06-02,PDCO,47.740002,48.23,47.68,47.919998,617600.0,,,,,47.970001,47.73,47.970001,-0.229999,0.229999,0.459998
356,2015-06-03,PDCO,47.970001,47.970001,47.549999,47.73,955900.0,,,,,48.130001,47.98,47.740002,0.229999,0.16,-0.069999
357,2015-06-04,PDCO,48.130001,48.139999,47.779999,47.98,954000.0,,,,,47.82,48.049999,47.970001,0.16,-0.310001,-0.470001
358,2015-06-05,PDCO,47.82,48.049999,47.52,48.049999,749900.0,,,,,48.009998,47.919998,48.130001,-0.310001,0.189998,0.499999
359,2015-06-08,PDCO,48.009998,48.41,47.75,47.919998,551400.0,,,,,47.82,47.91,47.82,0.189998,-0.189998,-0.379996
360,2015-06-09,PDCO,47.82,48.169998,47.740002,47.91,712000.0,,,,,48.23,47.830002,48.009998,-0.189998,0.41,0.599998
361,2015-06-10,PDCO,48.23,48.349998,47.830002,47.830002,509800.0,,,,,48.599998,48.400002,47.82,0.41,0.369998,-0.040002
362,2015-06-11,PDCO,48.599998,48.77,48.09,48.400002,596000.0,,,,,48.389999,48.349998,48.23,0.369998,-0.209999,-0.579997
363,2015-06-12,PDCO,48.389999,48.689999,48.349998,48.349998,522600.0,,,,,47.880001,48.119999,48.599998,-0.209999,-0.509998,-0.299999
364,2015-06-15,PDCO,47.880001,48.119999,47.720001,48.119999,743600.0,,,,,48.419998,48.0,48.389999,-0.509998,0.539997,1.049995
365,2015-06-16,PDCO,48.419998,48.43,47.880001,48.0,685500.0,,,,,48.91,48.5,47.880001,0.539997,0.490002,-0.049995
366,2015-06-17,PDCO,48.91,49.009998,48.41,48.5,797100.0,,,,,49.369999,49.049999,48.419998,0.490002,0.459999,-0.030003
367,2015-06-18,PDCO,49.369999,49.619999,49.049999,49.049999,869800.0,,,,,49.27,49.349998,48.91,0.459999,-0.099999,-0.559998
368,2015-06-19,PDCO,49.27,49.459999,49.139999,49.349998,849500.0,,,,,49.549999,49.639999,49.369999,-0.099999,0.279999,0.379998
369,2015-06-22,PDCO,49.549999,49.779999,49.380001,49.639999,416200.0,,,,,49.27,49.599998,49.27,0.279999,-0.279999,-0.559998
370,2015-06-23,PDCO,49.27,49.720001,49.200001,49.599998,761600.0,,,,,48.720001,49.27,49.549999,-0.279999,-0.549999,-0.27
371,2015-06-24,PDCO,48.720001,49.349998,48.700001,49.27,620300.0,,,,,48.68,48.830002,49.27,-0.549999,-0.040001,0.509998
372,2015-06-25,PDCO,48.68,49.02,48.41,48.830002,1268600.0,,,,,48.810001,48.650002,48.720001,-0.040001,0.130001,0.170002
373,2015-06-26,PDCO,48.810001,48.889999,48.5,48.650002,1379600.0,,,,,48.139999,48.650002,48.68,0.130001,-0.670002,-0.800003
374,2015-06-29,PDCO,48.139999,49.009998,48.040001,48.650002,1180100.0,,,,,48.650002,48.599998,48.810001,-0.670002,0.510003,1.180005
375,2015-06-30,PDCO,48.650002,48.889999,48.310001,48.599998,1245500.0,,,,,49.27,50.0,48.139999,0.510003,0.619998,0.109995
376,2015-07-01,PDCO,49.27,50.939999,48.91,50.0,1790700.0,0.627975,0.02525,0.92625,0.0485,48.950001,49.220001,48.650002,0.619998,-0.319999,-0.939997
377,2015-07-02,PDCO,48.950001,49.400002,48.779999,49.220001,878400.0,,,,,49.139999,48.700001,49.27,-0.319999,0.189998,0.509997
378,2015-07-06,PDCO,49.139999,49.16,48.459999,48.700001,1070400.0,,,,,49.580002,49.360001,48.950001,0.189998,0.440003,0.250005
379,2015-07-07,PDCO,49.580002,49.59,48.57,49.360001,808600.0,,,,,48.59,49.259998,49.139999,0.440003,-0.990002,-1.430005
380,2015-07-08,PDCO,48.59,49.459999,48.549999,49.259998,792400.0,,,,,48.73,49.02,49.580002,-0.990002,0.14,1.130002
381,2015-07-09,PDCO,48.73,49.02,48.610001,49.02,634300.0,,,,,49.189999,49.18,48.59,0.14,0.459999,0.319999
382,2015-07-10,PDCO,49.189999,49.549999,48.889999,49.18,698100.0,,,,,49.139999,49.400002,48.73,0.459999,-0.05,-0.509999
383,2015-07-13,PDCO,49.139999,49.610001,48.860001,49.400002,1155800.0,,,,,49.040001,49.16,49.189999,-0.05,-0.099998,-0.049998
384,2015-07-14,PDCO,49.040001,49.360001,48.93,49.16,977500.0,,,,,48.740002,49.130001,49.139999,-0.099998,-0.299999,-0.200001
385,2015-07-15,PDCO,48.740002,49.279999,48.669998,49.130001,888800.0,,,,,49.23,49.119999,49.040001,-0.299999,0.489998,0.789997
386,2015-07-16,PDCO,49.23,49.240002,48.799999,49.119999,1581400.0,,,,,49.110001,49.259998,48.740002,0.489998,-0.119999,-0.609997
387,2015-07-17,PDCO,49.110001,49.299999,49.0,49.259998,618500.0,,,,,48.98,49.18,49.23,-0.119999,-0.130001,-0.010002
388,2015-07-20,PDCO,48.98,49.23,48.900002,49.18,346000.0,,,,,49.02,48.970001,49.110001,-0.130001,0.04,0.170001
389,2015-07-21,PDCO,49.02,49.200001,48.77,48.970001,810200.0,,,,,49.82,48.950001,48.98,0.04,0.8,0.76
390,2015-07-22,PDCO,49.82,49.830002,48.880001,48.950001,1184700.0,,,,,48.709999,49.59,49.02,0.8,-1.110001,-1.910001
391,2015-07-23,PDCO,48.709999,49.650002,48.630001,49.59,834700.0,,,,,48.470001,48.849998,49.82,-1.110001,-0.239998,0.870003
392,2015-07-24,PDCO,48.470001,48.919998,48.389999,48.849998,658900.0,,,,,48.209999,48.349998,48.709999,-0.239998,-0.260002,-0.020004
393,2015-07-27,PDCO,48.209999,48.529999,48.009998,48.349998,792300.0,,,,,48.669998,48.349998,48.470001,-0.260002,0.459999,0.720001
394,2015-07-28,PDCO,48.669998,48.669998,48.040001,48.349998,624400.0,,,,,48.939999,48.779999,48.209999,0.459999,0.270001,-0.189998
395,2015-07-29,PDCO,48.939999,49.09,48.610001,48.779999,833900.0,,,,,49.77,48.779999,48.669998,0.270001,0.830001,0.56
396,2015-07-30,PDCO,49.77,49.900002,48.549999,48.779999,1074300.0,,,,,50.16,49.93,48.939999,0.830001,0.39,-0.440001
397,2015-07-31,PDCO,50.16,50.459999,49.779999,49.93,807000.0,,,,,49.950001,50.169998,49.77,0.39,-0.209999,-0.599999
398,2015-08-03,PDCO,49.950001,50.27,49.610001,50.169998,591300.0,,,,,49.77,49.869999,50.16,-0.209999,-0.180001,0.029998
399,2015-08-04,PDCO,49.77,50.360001,49.700001,49.869999,759100.0,,,,,50.130001,49.889999,49.950001,-0.180001,0.360001,0.540002
400,2015-08-05,PDCO,50.130001,50.240002,49.509998,49.889999,777100.0,,,,,49.779999,50.200001,49.77,0.360001,-0.350002,-0.710003
401,2015-08-06,PDCO,49.779999,50.299999,49.48,50.200001,566700.0,,,,,49.740002,49.82,50.130001,-0.350002,-0.039997,0.310005
402,2015-08-07,PDCO,49.740002,49.990002,49.259998,49.82,552200.0,,,,,50.169998,50.119999,49.779999,-0.039997,0.429996,0.469993
403,2015-08-10,PDCO,50.169998,50.41,50.009998,50.119999,586200.0,,,,,49.860001,50.049999,49.740002,0.429996,-0.309997,-0.739993
404,2015-08-11,PDCO,49.860001,50.189999,49.549999,50.049999,384900.0,,,,,49.490002,49.529999,50.169998,-0.309997,-0.369999,-0.060002
405,2015-08-12,PDCO,49.490002,49.560001,48.759998,49.529999,780100.0,,,,,49.619999,49.450001,49.860001,-0.369999,0.129997,0.499996
406,2015-08-13,PDCO,49.619999,49.82,49.169998,49.450001,490600.0,,,,,49.790001,49.599998,49.490002,0.129997,0.170002,0.040005
407,2015-08-14,PDCO,49.790001,49.799999,49.27,49.599998,359900.0,,,,,50.0,49.630001,49.619999,0.170002,0.209999,0.039997
408,2015-08-17,PDCO,50.0,50.029999,49.34,49.630001,508400.0,,,,,51.549999,51.119999,49.790001,0.209999,1.549999,1.34
409,2015-08-18,PDCO,51.549999,53.07,50.689999,51.119999,2677000.0,,,,,51.389999,51.150002,50.0,1.549999,-0.16,-1.709999
410,2015-08-19,PDCO,51.389999,51.759998,50.880001,51.150002,1073900.0,,,,,50.16,51.040001,51.549999,-0.16,-1.229999,-1.069999
411,2015-08-20,PDCO,50.16,51.240002,50.119999,51.040001,931300.0,,,,,49.119999,49.919998,51.389999,-1.229999,-1.040001,0.189998
412,2015-08-21,PDCO,49.119999,50.099998,49.119999,49.919998,1448000.0,,,,,47.790001,47.080002,50.16,-1.040001,-1.329998,-0.289997
413,2015-08-24,PDCO,47.790001,48.84,45.799999,47.080002,1672100.0,,,,,47.27,48.349998,49.119999,-1.329998,-0.520001,0.809997
414,2015-08-25,PDCO,47.27,48.599998,47.259998,48.349998,1084100.0,,,,,49.029999,48.220001,47.790001,-0.520001,1.759999,2.28
415,2015-08-26,PDCO,49.029999,49.09,47.349998,48.220001,1476900.0,,,,,45.939999,48.200001,47.27,1.759999,-3.09,-4.849999
416,2015-08-27,PDCO,45.939999,48.490002,45.040001,48.200001,4341000.0,,,,,46.389999,45.919998,49.029999,-3.09,0.45,3.54
417,2015-08-28,PDCO,46.389999,46.43,45.119999,45.919998,2600300.0,,,,,45.830002,46.130001,45.939999,0.45,-0.559997,-1.009997
418,2015-08-31,PDCO,45.830002,46.720001,45.650002,46.130001,1878400.0,,,,,44.459999,45.060001,46.389999,-0.559997,-1.370003,-0.810006
419,2015-09-01,PDCO,44.459999,45.57,44.310001,45.060001,2000900.0,,,,,44.939999,44.709999,45.830002,-1.370003,0.48,1.850003
420,2015-09-02,PDCO,44.939999,44.939999,44.290001,44.709999,1221000.0,,,,,44.84,45.029999,44.459999,0.48,-0.099999,-0.579999
421,2015-09-03,PDCO,44.84,45.220001,44.740002,45.029999,929500.0,,,,,44.68,44.439999,44.939999,-0.099999,-0.16,-0.060001
422,2015-09-04,PDCO,44.68,44.889999,44.09,44.439999,971700.0,,,,,46.029999,45.150002,44.84,-0.16,1.349999,1.509999
423,2015-09-08,PDCO,46.029999,46.060001,44.849998,45.150002,1259600.0,,,,,45.209999,46.310001,44.68,1.349999,-0.82,-2.169999
424,2015-09-09,PDCO,45.209999,46.490002,45.139999,46.310001,819000.0,,,,,45.529999,44.970001,46.029999,-0.82,0.32,1.14
425,2015-09-10,PDCO,45.529999,45.779999,44.880001,44.970001,712100.0,,,,,45.73,45.25,45.209999,0.32,0.200001,-0.119999
426,2015-09-11,PDCO,45.73,45.849998,45.16,45.25,789500.0,,,,,45.66,45.66,45.529999,0.200001,-0.07,-0.270001
427,2015-09-14,PDCO,45.66,45.790001,45.369999,45.66,536900.0,,,,,46.029999,45.630001,45.73,-0.07,0.369999,0.439999
428,2015-09-15,PDCO,46.029999,46.23,45.580002,45.630001,678900.0,,,,,44.990002,44.330002,45.66,0.369999,-1.039997,-1.409996
429,2015-09-16,PDCO,44.990002,45.23,43.470001,44.330002,1904500.0,,,,,45.02,45.0,46.029999,-1.039997,0.029998,1.069995
430,2015-09-17,PDCO,45.02,45.540001,44.77,45.0,1013000.0,,,,,44.919998,44.639999,44.990002,0.029998,-0.100002,-0.13
431,2015-09-18,PDCO,44.919998,45.279999,44.43,44.639999,1509100.0,,,,,45.209999,45.09,45.02,-0.100002,0.290001,0.390003
432,2015-09-21,PDCO,45.209999,45.540001,44.790001,45.09,1026100.0,,,,,45.009998,44.75,44.919998,0.290001,-0.200001,-0.490002
433,2015-09-22,PDCO,45.009998,45.099998,44.599998,44.75,819100.0,,,,,45.099998,45.150002,45.209999,-0.200001,0.09,0.290001
434,2015-09-23,PDCO,45.099998,45.310001,44.860001,45.150002,742600.0,,,,,45.009998,44.93,45.009998,0.09,-0.09,-0.18
435,2015-09-24,PDCO,45.009998,45.080002,44.52,44.93,631600.0,,,,,44.299999,45.259998,45.099998,-0.09,-0.709999,-0.619999
436,2015-09-25,PDCO,44.299999,45.349998,44.07,45.259998,1035800.0,,,,,42.91,44.200001,45.009998,-0.709999,-1.389999,-0.68
437,2015-09-28,PDCO,42.91,44.23,42.650002,44.200001,1409200.0,,,,,42.970001,42.779999,44.299999,-1.389999,0.060001,1.45
438,2015-09-29,PDCO,42.970001,43.419998,42.66,42.779999,1170300.0,,,,,43.25,43.41,42.91,0.060001,0.279999,0.219998
439,2015-09-30,PDCO,43.25,43.68,42.84,43.41,1411500.0,,,,,43.189999,43.25,42.970001,0.279999,-0.060001,-0.34
440,2015-10-01,PDCO,43.189999,43.330002,42.619999,43.25,950000.0,,,,,43.990002,42.880001,43.25,-0.060001,0.800003,0.860004
441,2015-10-02,PDCO,43.990002,43.990002,42.799999,42.880001,970400.0,,,,,44.720001,44.360001,43.189999,0.800003,0.729999,-0.070004
442,2015-10-05,PDCO,44.720001,44.799999,44.290001,44.360001,875300.0,,,,,44.130001,44.560001,43.990002,0.729999,-0.59,-1.319999
443,2015-10-06,PDCO,44.130001,44.709999,43.990002,44.560001,888700.0,,,,,45.009998,44.32,44.720001,-0.59,0.879997,1.469997
444,2015-10-07,PDCO,45.009998,45.099998,44.060001,44.32,1171900.0,,,,,45.990002,45.040001,44.130001,0.879997,0.980004,0.100007
445,2015-10-08,PDCO,45.990002,46.040001,45.0,45.040001,1196900.0,,,,,46.77,45.939999,45.009998,0.980004,0.779998,-0.200006
446,2015-10-09,PDCO,46.77,46.98,45.919998,45.939999,1078400.0,,,,,46.740002,46.639999,45.990002,0.779998,-0.029998,-0.809996
447,2015-10-12,PDCO,46.740002,46.869999,46.34,46.639999,1024800.0,,,,,46.110001,46.720001,46.77,-0.029998,-0.630001,-0.600003
448,2015-10-13,PDCO,46.110001,47.009998,46.09,46.720001,1437000.0,,,,,45.18,45.669998,46.740002,-0.630001,-0.930001,-0.3
449,2015-10-14,PDCO,45.18,46.09,44.200001,45.669998,1057900.0,,,,,45.639999,45.18,46.110001,-0.930001,0.459999,1.39
450,2015-10-15,PDCO,45.639999,45.939999,45.060001,45.18,1053100.0,,,,,45.93,45.880001,45.18,0.459999,0.290001,-0.169998
451,2015-10-16,PDCO,45.93,46.419998,45.59,45.880001,1098100.0,,,,,46.060001,45.700001,45.639999,0.290001,0.130001,-0.16
452,2015-10-19,PDCO,46.060001,46.209999,45.459999,45.700001,944800.0,,,,,46.150002,46.0,45.93,0.130001,0.090001,-0.04
453,2015-10-20,PDCO,46.150002,46.369999,46.0,46.0,621100.0,,,,,46.209999,46.240002,46.060001,0.090001,0.059997,-0.030004
454,2015-10-21,PDCO,46.209999,46.580002,45.810001,46.240002,699200.0,,,,,45.700001,46.43,46.150002,0.059997,-0.509998,-0.569995
455,2015-10-22,PDCO,45.700001,46.560001,45.459999,46.43,984800.0,,,,,47.009998,45.990002,46.209999,-0.509998,1.309997,1.819995
456,2015-10-23,PDCO,47.009998,47.080002,45.84,45.990002,1138500.0,,,,,47.02,46.990002,45.700001,1.309997,0.010002,-1.299995
457,2015-10-26,PDCO,47.02,47.310001,46.779999,46.990002,754600.0,,,,,46.66,46.68,47.009998,0.010002,-0.36,-0.370002
458,2015-10-27,PDCO,46.66,47.259998,46.150002,46.68,1233900.0,,,,,46.869999,46.860001,47.02,-0.36,0.209999,0.569999
459,2015-10-28,PDCO,46.869999,46.939999,46.349998,46.860001,1187300.0,,,,,47.529999,46.970001,46.66,0.209999,0.66,0.450001
460,2015-10-29,PDCO,47.529999,47.630001,46.75,46.970001,770200.0,,,,,47.400002,47.630001,46.869999,0.66,-0.129997,-0.789997
461,2015-10-30,PDCO,47.400002,47.93,47.330002,47.630001,818800.0,,,,,48.009998,47.400002,47.529999,-0.129997,0.609996,0.739993
462,2015-11-02,PDCO,48.009998,48.099998,47.220001,47.400002,613100.0,,,,,47.939999,48.040001,47.400002,0.609996,-0.069999,-0.679995
463,2015-11-03,PDCO,47.939999,48.150002,47.529999,48.040001,516200.0,,,,,48.09,47.900002,48.009998,-0.069999,0.150001,0.22
464,2015-11-04,PDCO,48.09,48.279999,47.759998,47.900002,661500.0,,,,,48.119999,48.080002,47.939999,0.150001,0.029999,-0.120002
465,2015-11-05,PDCO,48.119999,48.450001,47.82,48.080002,583100.0,,,,,48.189999,47.919998,48.09,0.029999,0.07,0.040001
466,2015-11-06,PDCO,48.189999,48.330002,47.759998,47.919998,597700.0,,,,,47.919998,48.080002,48.119999,0.07,-0.270001,-0.340001
467,2015-11-09,PDCO,47.919998,48.240002,47.59,48.080002,385200.0,,,,,48.07,47.93,48.189999,-0.270001,0.150002,0.420003
468,2015-11-10,PDCO,48.07,48.349998,47.650002,47.93,396100.0,,,,,48.060001,48.48,47.919998,0.150002,-0.009999,-0.160001
469,2015-11-11,PDCO,48.060001,48.48,48.0,48.48,673100.0,,,,,47.049999,47.77,48.07,-0.009999,-1.010002,-1.000003
470,2015-11-12,PDCO,47.049999,47.959999,47.029999,47.77,434000.0,,,,,46.77,47.130001,48.060001,-1.010002,-0.279999,0.730003
471,2015-11-13,PDCO,46.77,47.240002,46.610001,47.130001,904000.0,,,,,47.5,46.77,47.049999,-0.279999,0.73,1.009999
472,2015-11-16,PDCO,47.5,47.540001,46.77,46.77,483800.0,,,,,47.84,46.77,46.77,0.73,0.34,-0.39
473,2015-11-17,PDCO,47.84,48.060001,46.77,46.77,409700.0,,,,,48.75,47.880001,47.5,0.34,0.91,0.57
474,2015-11-18,PDCO,48.75,48.810001,47.810001,47.880001,747100.0,,,,,48.279999,48.490002,47.84,0.91,-0.470001,-1.380001
475,2015-11-19,PDCO,48.279999,48.860001,48.139999,48.490002,783100.0,,,,,48.490002,48.389999,48.75,-0.470001,0.210003,0.680004
476,2015-11-20,PDCO,48.490002,48.720001,48.259998,48.389999,869900.0,,,,,48.630001,48.5,48.279999,0.210003,0.139999,-0.070004
477,2015-11-23,PDCO,48.630001,48.869999,47.810001,48.5,1099300.0,,,,,45.709999,46.02,48.490002,0.139999,-2.920002,-3.060001
478,2015-11-24,PDCO,45.709999,47.09,44.970001,46.02,2022700.0,,,,,45.599998,45.16,48.630001,-2.920002,-0.110001,2.810001
479,2015-11-25,PDCO,45.599998,45.720001,44.470001,45.16,881800.0,,,,,45.59,45.709999,45.709999,-0.110001,-0.009998,0.100003
480,2015-11-27,PDCO,45.59,45.73,45.209999,45.709999,446600.0,,,,,45.57,45.59,45.599998,-0.009998,-0.02,-0.010002
481,2015-11-30,PDCO,45.57,46.0,45.419998,45.59,1009300.0,,,,,45.77,45.560001,45.59,-0.02,0.2,0.22
482,2015-12-01,PDCO,45.77,45.900002,45.360001,45.560001,695300.0,,,,,45.470001,45.419998,45.57,0.2,-0.299999,-0.499999
483,2015-12-02,PDCO,45.470001,45.860001,45.369999,45.419998,566800.0,,,,,44.349998,45.580002,45.77,-0.299999,-1.120003,-0.820004
484,2015-12-03,PDCO,44.349998,45.66,44.209999,45.580002,990800.0,,,,,44.959999,44.389999,45.470001,-1.120003,0.610001,1.730004
485,2015-12-04,PDCO,44.959999,44.990002,44.209999,44.389999,1040400.0,,,,,45.130001,45.09,44.349998,0.610001,0.170002,-0.439999
486,2015-12-07,PDCO,45.130001,45.189999,44.66,45.09,538000.0,,,,,44.48,44.889999,44.959999,0.170002,-0.650001,-0.820003
487,2015-12-08,PDCO,44.48,44.889999,44.299999,44.889999,854500.0,,,,,44.060001,44.41,45.130001,-0.650001,-0.419999,0.230002
488,2015-12-09,PDCO,44.060001,44.599998,43.919998,44.41,756600.0,,,,,44.200001,44.099998,44.48,-0.419999,0.14,0.559999
489,2015-12-10,PDCO,44.200001,44.369999,43.970001,44.099998,924700.0,,,,,43.759998,43.689999,44.060001,0.14,-0.440003,-0.580003
490,2015-12-11,PDCO,43.759998,44.150002,43.52,43.689999,717600.0,,,,,43.560001,43.75,44.200001,-0.440003,-0.199997,0.240006
491,2015-12-14,PDCO,43.560001,43.84,43.23,43.75,1090900.0,,,,,43.619999,43.950001,43.759998,-0.199997,0.059998,0.259995
492,2015-12-15,PDCO,43.619999,44.040001,43.34,43.950001,1091000.0,,,,,44.560001,43.82,43.560001,0.059998,0.940002,0.880004
493,2015-12-16,PDCO,44.560001,44.630001,43.740002,43.82,1005100.0,,,,,44.400002,44.669998,43.619999,0.940002,-0.159999,-1.100001
494,2015-12-17,PDCO,44.400002,44.669998,44.380001,44.669998,813600.0,,,,,44.049999,44.09,44.560001,-0.159999,-0.350003,-0.190004
495,2015-12-18,PDCO,44.049999,44.369999,43.880001,44.09,1519800.0,,,,,44.32,44.349998,44.400002,-0.350003,0.270001,0.620004
496,2015-12-21,PDCO,44.32,44.689999,43.639999,44.349998,537200.0,,,,,44.68,44.57,44.049999,0.270001,0.36,0.089999
497,2015-12-22,PDCO,44.68,44.77,44.040001,44.57,489700.0,,,,,44.900002,44.830002,44.32,0.36,0.220002,-0.139998
498,2015-12-23,PDCO,44.900002,45.16,44.73,44.830002,544200.0,,,,,45.07,44.82,44.68,0.220002,0.169998,-0.050004
499,2015-12-24,PDCO,45.07,45.23,44.759998,44.82,171000.0,,,,,45.220001,44.84,44.900002,0.169998,0.150001,-0.019997
500,2015-12-28,PDCO,45.220001,45.279999,44.68,44.84,389700.0,,,,,45.529999,45.52,45.07,0.150001,0.309998,0.159997
501,2015-12-29,PDCO,45.529999,45.66,45.209999,45.52,416700.0,,,,,45.450001,45.509998,45.220001,0.309998,-0.079998,-0.389996
502,2015-12-30,PDCO,45.450001,45.830002,45.349998,45.509998,562300.0,,,,,45.209999,45.189999,45.529999,-0.079998,-0.240002,-0.160004
503,2015-12-31,PDCO,45.209999,45.66,45.09,45.189999,577700.0,,,,,43.59,44.389999,45.450001,-0.240002,-1.619999,-1.379997
504,2016-01-04,PDCO,43.59,44.389999,43.25,44.389999,1126400.0,,,,,44.169998,43.619999,45.209999,-1.619999,0.579998,2.199997
505,2016-01-05,PDCO,44.169998,44.360001,43.619999,43.619999,614200.0,,,,,44.16,44.709999,43.59,0.579998,-0.009998,-0.589996
506,2016-01-06,PDCO,44.16,44.990002,43.68,44.709999,1093500.0,,,,,43.459999,43.639999,44.169998,-0.009998,-0.700001,-0.690003
507,2016-01-07,PDCO,43.459999,43.84,43.32,43.639999,758600.0,,,,,42.389999,43.580002,44.16,-0.700001,-1.07,-0.369999
508,2016-01-08,PDCO,42.389999,44.080002,42.290001,43.580002,837000.0,,,,,41.490002,42.509998,43.459999,-1.07,-0.899997,0.170003
509,2016-01-11,PDCO,41.490002,42.950001,41.099998,42.509998,1023400.0,,,,,41.709999,41.740002,42.389999,-0.899997,0.219997,1.119994
510,2016-01-12,PDCO,41.709999,42.150002,41.419998,41.740002,920900.0,,,,,40.209999,41.799999,41.490002,0.219997,-1.5,-1.719997
511,2016-01-13,PDCO,40.209999,41.830002,40.200001,41.799999,1270400.0,,,,,40.48,40.48,41.709999,-1.5,0.270001,1.770001
512,2016-01-14,PDCO,40.48,40.59,39.900002,40.48,1533400.0,,,,,40.240002,39.529999,40.209999,0.270001,-0.239998,-0.509999
513,2016-01-15,PDCO,40.240002,40.32,39.349998,39.529999,1182600.0,,,,,39.849998,40.73,40.48,-0.239998,-0.390004,-0.150006
514,2016-01-19,PDCO,39.849998,40.73,39.380001,40.73,1173400.0,,,,,39.560001,39.450001,40.240002,-0.390004,-0.289997,0.100007
515,2016-01-20,PDCO,39.560001,39.889999,38.509998,39.450001,1043100.0,,,,,39.389999,39.720001,39.849998,-0.289997,-0.170002,0.119995
516,2016-01-21,PDCO,39.389999,40.029999,39.02,39.720001,866800.0,,,,,40.369999,39.709999,39.560001,-0.170002,0.98,1.150002
517,2016-01-22,PDCO,40.369999,40.419998,39.41,39.709999,1279800.0,,,,,40.25,40.310001,39.389999,0.98,-0.119999,-1.099999
518,2016-01-25,PDCO,40.25,40.779999,40.0,40.310001,1148900.0,,,,,41.360001,40.200001,40.369999,-0.119999,1.110001,1.23
519,2016-01-26,PDCO,41.360001,41.419998,40.200001,40.200001,1510100.0,,,,,40.700001,41.369999,40.25,1.110001,-0.66,-1.770001
520,2016-01-27,PDCO,40.700001,42.779999,40.459999,41.369999,746000.0,,,,,41.18,41.740002,41.360001,-0.66,0.479999,1.139999
521,2016-01-28,PDCO,41.18,41.759998,40.860001,41.740002,1240100.0,,,,,42.459999,41.349998,40.700001,0.479999,1.279999,0.8
522,2016-01-29,PDCO,42.459999,42.459999,40.849998,41.349998,1120300.0,,,,,43.060001,42.27,41.18,1.279999,0.600002,-0.679997
523,2016-02-01,PDCO,43.060001,43.290001,42.09,42.27,993800.0,,,,,42.790001,42.709999,42.459999,0.600002,-0.27,-0.870002
524,2016-02-02,PDCO,42.790001,42.970001,42.290001,42.709999,1508100.0,,,,,43.080002,42.93,43.060001,-0.27,0.290001,0.560001
525,2016-02-03,PDCO,43.080002,43.23,42.279999,42.93,1116900.0,,,,,43.240002,43.07,42.790001,0.290001,0.16,-0.130001
526,2016-02-04,PDCO,43.240002,43.580002,42.349998,43.07,805600.0,,,,,42.619999,43.150002,43.080002,0.16,-0.620003,-0.780003
527,2016-02-05,PDCO,42.619999,43.490002,42.34,43.150002,945100.0,,,,,40.880001,42.389999,43.240002,-0.620003,-1.739998,-1.119995
528,2016-02-08,PDCO,40.880001,42.509998,40.200001,42.389999,1308200.0,,,,,41.279999,40.34,42.619999,-1.739998,0.399998,2.139996
529,2016-02-09,PDCO,41.279999,41.540001,40.169998,40.34,977300.0,,,,,42.220001,41.459999,40.880001,0.399998,0.940002,0.540004
530,2016-02-10,PDCO,42.220001,43.029999,40.939999,41.459999,1110100.0,,,,,41.459999,41.669998,41.279999,0.940002,-0.760002,-1.700004
531,2016-02-11,PDCO,41.459999,42.27,41.119999,41.669998,1062500.0,,,,,42.48,42.009998,42.220001,-0.760002,1.020001,1.780003
532,2016-02-12,PDCO,42.48,42.549999,41.619999,42.009998,845300.0,,,,,43.57,42.639999,41.459999,1.020001,1.09,0.069999
533,2016-02-16,PDCO,43.57,43.599998,42.330002,42.639999,1119000.0,,,,,44.240002,43.59,42.48,1.09,0.670002,-0.419998
534,2016-02-17,PDCO,44.240002,44.380001,43.299999,43.59,990700.0,,,,,44.459999,44.419998,43.57,0.670002,0.219997,-0.450005
535,2016-02-18,PDCO,44.459999,44.720001,44.040001,44.419998,1007400.0,,,,,44.470001,44.360001,44.240002,0.219997,0.010002,-0.209995
536,2016-02-19,PDCO,44.470001,44.630001,43.740002,44.360001,814900.0,,,,,45.360001,45.630001,44.459999,0.010002,0.89,0.879998
537,2016-02-22,PDCO,45.360001,46.110001,45.049999,45.630001,818900.0,,,,,44.91,45.049999,44.470001,0.89,-0.450001,-1.340001
538,2016-02-23,PDCO,44.91,45.32,44.459999,45.049999,686900.0,,,,,44.950001,44.48,45.360001,-0.450001,0.040001,0.490002
539,2016-02-24,PDCO,44.950001,45.310001,44.060001,44.48,1045900.0,,,,,45.09,43.790001,44.91,0.040001,0.139999,0.099998
540,2016-02-25,PDCO,45.09,45.509998,43.5,43.790001,2234200.0,,,,,44.470001,45.330002,44.950001,0.139999,-0.619999,-0.759998
541,2016-02-26,PDCO,44.470001,45.790001,44.259998,45.330002,1013300.0,,,,,43.439999,44.389999,45.09,-0.619999,-1.030002,-0.410003
542,2016-02-29,PDCO,43.439999,44.470001,43.439999,44.389999,1257600.0,,,,,44.0,43.529999,44.470001,-1.030002,0.560001,1.590003
543,2016-03-01,PDCO,44.0,44.029999,43.139999,43.529999,1271900.0,,,,,43.779999,43.939999,43.439999,0.560001,-0.220001,-0.780002
544,2016-03-02,PDCO,43.779999,43.990002,43.450001,43.939999,502100.0,,,,,44.59,43.619999,44.0,-0.220001,0.810001,1.030002
545,2016-03-03,PDCO,44.59,44.700001,43.59,43.619999,607000.0,,,,,44.66,44.529999,43.779999,0.810001,0.07,-0.740001
546,2016-03-04,PDCO,44.66,44.84,44.16,44.529999,544500.0,,,,,44.689999,44.599998,44.59,0.07,0.029999,-0.040001
547,2016-03-07,PDCO,44.689999,44.990002,44.369999,44.599998,581600.0,,,,,44.09,44.419998,44.66,0.029999,-0.599999,-0.629998
548,2016-03-08,PDCO,44.09,44.580002,43.950001,44.419998,471100.0,,,,,43.869999,44.220001,44.689999,-0.599999,-0.220001,0.379998
549,2016-03-09,PDCO,43.869999,44.380001,43.669998,44.220001,754700.0,,,,,43.48,44.130001,44.09,-0.220001,-0.389999,-0.169998
550,2016-03-10,PDCO,43.48,44.310001,43.029999,44.130001,789300.0,,,,,44.34,43.869999,43.869999,-0.389999,0.86,1.249999
551,2016-03-11,PDCO,44.34,44.400002,43.549999,43.869999,963700.0,,,,,44.09,44.43,43.48,0.86,-0.25,-1.11
552,2016-03-14,PDCO,44.09,44.43,44.060001,44.43,776400.0,,,,,44.200001,43.950001,44.34,-0.25,0.110001,0.360001
553,2016-03-15,PDCO,44.200001,44.34,43.610001,43.950001,909000.0,0.0,0.0,1.0,0.0,44.869999,44.360001,44.09,0.110001,0.669998,0.559997
554,2016-03-16,PDCO,44.869999,45.060001,44.18,44.360001,940000.0,,,,,45.209999,44.950001,44.200001,0.669998,0.34,-0.329998
555,2016-03-17,PDCO,45.209999,45.209999,44.169998,44.950001,1084300.0,,,,,45.25,45.220001,44.869999,0.34,0.040001,-0.299999
556,2016-03-18,PDCO,45.25,45.740002,45.040001,45.220001,1076300.0,,,,,45.41,45.049999,45.209999,0.040001,0.16,0.119999
557,2016-03-21,PDCO,45.41,45.439999,44.77,45.049999,724300.0,,,,,45.790001,45.240002,45.25,0.16,0.380001,0.220001
558,2016-03-22,PDCO,45.790001,45.880001,45.040001,45.240002,688700.0,,,,,45.900002,45.689999,45.41,0.380001,0.110001,-0.27
559,2016-03-23,PDCO,45.900002,46.27,45.5,45.689999,757700.0,,,,,44.66,45.639999,45.790001,0.110001,-1.240002,-1.350003
560,2016-03-24,PDCO,44.66,45.639999,44.139999,45.639999,1184100.0,,,,,44.810001,44.75,45.900002,-1.240002,0.150001,1.390003
561,2016-03-28,PDCO,44.810001,44.990002,44.5,44.75,640300.0,,,,,45.93,44.849998,44.66,0.150001,1.119999,0.969998
562,2016-03-29,PDCO,45.93,45.970001,44.73,44.849998,493800.0,,,,,46.310001,46.07,44.810001,1.119999,0.380001,-0.739998
563,2016-03-30,PDCO,46.310001,46.48,45.91,46.07,500800.0,,,,,46.529999,46.290001,45.93,0.380001,0.219998,-0.160003
564,2016-03-31,PDCO,46.529999,46.610001,46.16,46.290001,639700.0,,,,,46.349998,46.41,46.310001,0.219998,-0.180001,-0.399999
565,2016-04-01,PDCO,46.349998,46.599998,45.799999,46.41,779000.0,0.0,0.0,1.0,0.0,46.43,46.470001,46.529999,-0.180001,0.080002,0.260003
566,2016-04-04,PDCO,46.43,46.639999,46.290001,46.470001,418400.0,,,,,45.099998,46.049999,46.349998,0.080002,-1.330002,-1.410004
567,2016-04-05,PDCO,45.099998,46.209999,44.970001,46.049999,1061800.0,,,,,45.849998,45.009998,46.43,-1.330002,0.75,2.080002
568,2016-04-06,PDCO,45.849998,45.869999,45.009998,45.009998,506900.0,,,,,44.900002,45.610001,45.099998,0.75,-0.949996,-1.699996
569,2016-04-07,PDCO,44.900002,45.740002,44.73,45.610001,795800.0,,,,,44.939999,45.040001,45.849998,-0.949996,0.039997,0.989993
570,2016-04-08,PDCO,44.939999,45.169998,44.77,45.040001,423000.0,,,,,44.799999,45.0,44.900002,0.039997,-0.14,-0.179997
571,2016-04-11,PDCO,44.799999,45.200001,44.57,45.0,610600.0,,,,,44.43,44.900002,44.939999,-0.14,-0.369999,-0.229999
572,2016-04-12,PDCO,44.43,44.990002,44.330002,44.900002,960500.0,,,,,44.619999,44.529999,44.799999,-0.369999,0.189999,0.559998
573,2016-04-13,PDCO,44.619999,44.650002,44.240002,44.529999,716500.0,,,,,44.52,44.580002,44.43,0.189999,-0.099999,-0.289998
574,2016-04-14,PDCO,44.52,44.900002,44.259998,44.580002,641000.0,,,,,44.759998,44.59,44.619999,-0.099999,0.239998,0.339997
575,2016-04-15,PDCO,44.759998,44.77,44.470001,44.59,472000.0,,,,,44.889999,44.709999,44.52,0.239998,0.130001,-0.109997
576,2016-04-18,PDCO,44.889999,44.939999,44.560001,44.709999,682800.0,,,,,45.220001,44.970001,44.759998,0.130001,0.330002,0.200001
577,2016-04-19,PDCO,45.220001,45.41,44.919998,44.970001,480000.0,,,,,45.080002,45.189999,44.889999,0.330002,-0.139999,-0.470001
578,2016-04-20,PDCO,45.080002,45.529999,44.799999,45.189999,486700.0,,,,,44.790001,45.02,45.220001,-0.139999,-0.290001,-0.150002
579,2016-04-21,PDCO,44.790001,45.169998,44.700001,45.02,694700.0,,,,,44.93,44.75,45.080002,-0.290001,0.139999,0.43
580,2016-04-22,PDCO,44.93,45.099998,44.549999,44.75,585000.0,,,,,44.950001,44.849998,44.790001,0.139999,0.020001,-0.119998
581,2016-04-25,PDCO,44.950001,44.950001,44.560001,44.849998,566200.0,,,,,44.580002,45.009998,44.93,0.020001,-0.369999,-0.39
582,2016-04-26,PDCO,44.580002,45.279999,44.470001,45.009998,895100.0,,,,,44.23,44.48,44.950001,-0.369999,-0.350002,0.019997
583,2016-04-27,PDCO,44.23,44.779999,44.02,44.48,1489700.0,,,,,43.560001,43.98,44.580002,-0.350002,-0.669999,-0.319997
584,2016-04-28,PDCO,43.560001,44.23,43.290001,43.98,1667000.0,,,,,43.349998,43.209999,44.23,-0.669999,-0.210003,0.459996
585,2016-04-29,PDCO,43.349998,43.360001,42.84,43.209999,1150500.0,,,,,43.610001,43.400002,43.560001,-0.210003,0.260003,0.470006
586,2016-05-02,PDCO,43.610001,43.869999,43.400002,43.400002,928500.0,,,,,43.349998,43.389999,43.349998,0.260003,-0.260003,-0.520006
587,2016-05-03,PDCO,43.349998,43.66,43.040001,43.389999,1223100.0,,,,,42.869999,43.07,43.610001,-0.260003,-0.479999,-0.219996
588,2016-05-04,PDCO,42.869999,43.52,42.689999,43.07,590300.0,,,,,43.029999,42.900002,43.349998,-0.479999,0.16,0.639999
589,2016-05-05,PDCO,43.029999,43.360001,42.720001,42.900002,648300.0,,,,,42.98,42.869999,42.869999,0.16,-0.049999,-0.209999
590,2016-05-06,PDCO,42.98,43.23,42.73,42.869999,804100.0,,,,,43.540001,42.849998,43.029999,-0.049999,0.560001,0.61
591,2016-05-09,PDCO,43.540001,43.610001,42.720001,42.849998,627700.0,,,,,44.049999,43.779999,42.98,0.560001,0.509998,-0.050003
592,2016-05-10,PDCO,44.049999,44.369999,43.630001,43.779999,503500.0,,,,,43.720001,44.049999,43.540001,0.509998,-0.329998,-0.839996
593,2016-05-11,PDCO,43.720001,44.220001,43.619999,44.049999,513700.0,,,,,44.389999,43.900002,44.049999,-0.329998,0.669998,0.999996
594,2016-05-12,PDCO,44.389999,44.459999,43.68,43.900002,1191000.0,,,,,44.610001,44.43,43.720001,0.669998,0.220002,-0.449996
595,2016-05-13,PDCO,44.610001,45.25,44.080002,44.43,1316700.0,,,,,45.599998,44.610001,44.389999,0.220002,0.989997,0.769995
596,2016-05-16,PDCO,45.599998,45.68,44.099998,44.610001,1129600.0,,,,,44.889999,45.32,44.610001,0.989997,-0.709999,-1.699996
597,2016-05-17,PDCO,44.889999,45.66,44.619999,45.32,970200.0,,,,,45.18,44.869999,45.599998,-0.709999,0.290001,1.0
598,2016-05-18,PDCO,45.18,45.369999,44.57,44.869999,868000.0,,,,,45.029999,44.889999,44.889999,0.290001,-0.150001,-0.440002
599,2016-05-19,PDCO,45.029999,45.139999,44.639999,44.889999,706500.0,,,,,45.790001,45.23,45.18,-0.150001,0.760002,0.910003
600,2016-05-20,PDCO,45.790001,45.849998,45.119999,45.23,3427900.0,,,,,45.040001,45.689999,45.029999,0.760002,-0.75,-1.510002
601,2016-05-23,PDCO,45.040001,45.939999,45.009998,45.689999,1190300.0,,,,,45.98,45.080002,45.790001,-0.75,0.939999,1.689999
602,2016-05-24,PDCO,45.98,46.029999,45.009998,45.080002,1121400.0,,,,,45.52,46.09,45.040001,0.939999,-0.46,-1.399999
603,2016-05-25,PDCO,45.52,46.360001,45.5,46.09,1477200.0,,,,,48.189999,45.599998,45.98,-0.46,2.669999,3.129999
604,2016-05-26,PDCO,48.189999,48.77,45.400002,45.599998,3584800.0,0.9536,0.0,0.833,0.167,48.91,47.740002,45.52,2.669999,0.720001,-1.949998
605,2016-05-27,PDCO,48.91,49.060001,47.740002,47.740002,2077000.0,,,,,48.810001,48.860001,48.189999,0.720001,-0.099999,-0.82
606,2016-05-31,PDCO,48.810001,49.09,48.540001,48.860001,1078300.0,,,,,48.880001,48.740002,48.91,-0.099999,0.07,0.169999
607,2016-06-01,PDCO,48.880001,49.029999,48.52,48.740002,1029600.0,,,,,49.299999,48.919998,48.810001,0.07,0.419998,0.349998
608,2016-06-02,PDCO,49.299999,49.299999,48.779999,48.919998,856100.0,,,,,49.099998,49.110001,48.880001,0.419998,-0.200001,-0.619999
609,2016-06-03,PDCO,49.099998,49.380001,48.880001,49.110001,755300.0,,,,,49.189999,49.169998,49.299999,-0.200001,0.090001,0.290002
610,2016-06-06,PDCO,49.189999,49.439999,49.049999,49.169998,680100.0,,,,,49.209999,49.099998,49.099998,0.090001,0.02,-0.070001
611,2016-06-07,PDCO,49.209999,49.369999,49.099998,49.099998,731000.0,,,,,49.98,49.119999,49.189999,0.02,0.770001,0.750001
612,2016-06-08,PDCO,49.98,50.0,49.02,49.119999,1265500.0,,,,,50.32,49.849998,49.209999,0.770001,0.34,-0.430001
613,2016-06-09,PDCO,50.32,50.400002,49.360001,49.849998,1115800.0,,,,,49.599998,50.049999,49.98,0.34,-0.720002,-1.060002
614,2016-06-10,PDCO,49.599998,50.130001,49.540001,50.049999,952900.0,,,,,49.130001,49.59,50.32,-0.720002,-0.469997,0.250005
615,2016-06-13,PDCO,49.130001,50.099998,49.080002,49.59,678200.0,,,,,48.41,48.720001,49.599998,-0.469997,-0.720001,-0.250004
616,2016-06-14,PDCO,48.41,48.810001,48.060001,48.720001,1335600.0,,,,,48.209999,48.740002,49.130001,-0.720001,-0.200001,0.52
617,2016-06-15,PDCO,48.209999,49.200001,47.939999,48.740002,1374900.0,,,,,47.68,47.889999,48.41,-0.200001,-0.529999,-0.329998
618,2016-06-16,PDCO,47.68,48.0,47.18,47.889999,1429200.0,,,,,47.290001,47.549999,48.209999,-0.529999,-0.389999,0.14
619,2016-06-17,PDCO,47.290001,47.759998,46.860001,47.549999,1282100.0,,,,,48.060001,47.790001,47.68,-0.389999,0.77,1.159999
620,2016-06-20,PDCO,48.060001,48.459999,47.509998,47.790001,932200.0,,,,,47.91,48.189999,47.290001,0.77,-0.150001,-0.920001
621,2016-06-21,PDCO,47.91,48.310001,47.830002,48.189999,857100.0,,,,,47.900002,47.959999,48.060001,-0.150001,-0.009998,0.140003
622,2016-06-22,PDCO,47.900002,48.240002,47.630001,47.959999,789800.0,,,,,48.459999,48.07,47.91,-0.009998,0.559997,0.569995
623,2016-06-23,PDCO,48.459999,48.48,47.830002,48.07,752400.0,,,,,46.349998,46.759998,47.900002,0.559997,-2.110001,-2.669998
624,2016-06-24,PDCO,46.349998,47.209999,46.34,46.759998,1905600.0,,,,,45.669998,46.27,48.459999,-2.110001,-0.68,1.430001
625,2016-06-27,PDCO,45.669998,46.400002,45.349998,46.27,1172100.0,,,,,46.439999,46.02,46.349998,-0.68,0.770001,1.450001
626,2016-06-28,PDCO,46.439999,46.57,45.720001,46.02,993000.0,,,,,47.59,46.790001,45.669998,0.770001,1.150001,0.38
627,2016-06-29,PDCO,47.59,47.700001,46.790001,46.790001,779900.0,,,,,47.889999,47.66,46.439999,1.150001,0.299999,-0.850002
628,2016-06-30,PDCO,47.889999,47.990002,47.299999,47.66,1315600.0,,,,,48.470001,48.07,47.59,0.299999,0.580002,0.280003
629,2016-07-01,PDCO,48.470001,48.860001,47.849998,48.07,964400.0,,,,,48.34,48.369999,47.889999,0.580002,-0.130001,-0.710003
630,2016-07-05,PDCO,48.34,48.529999,48.099998,48.369999,968100.0,,,,,49.060001,48.299999,48.470001,-0.130001,0.720001,0.850002
631,2016-07-06,PDCO,49.060001,49.16,47.509998,48.299999,1391100.0,,,,,49.09,49.139999,48.34,0.720001,0.029999,-0.690002
632,2016-07-07,PDCO,49.09,49.459999,48.869999,49.139999,1031500.0,,,,,49.830002,49.389999,49.060001,0.029999,0.740002,0.710003
633,2016-07-08,PDCO,49.830002,49.849998,49.189999,49.389999,695600.0,,,,,49.59,49.93,49.09,0.740002,-0.240002,-0.980004
634,2016-07-11,PDCO,49.59,50.049999,49.310001,49.93,484500.0,,,,,49.380001,49.799999,49.830002,-0.240002,-0.209999,0.030003
635,2016-07-12,PDCO,49.380001,49.91,49.34,49.799999,856700.0,,,,,49.360001,49.369999,49.59,-0.209999,-0.02,0.189999
636,2016-07-13,PDCO,49.360001,49.41,48.91,49.369999,865900.0,,,,,49.470001,49.57,49.380001,-0.02,0.11,0.13
637,2016-07-14,PDCO,49.470001,49.860001,49.41,49.57,859700.0,,,,,49.220001,49.549999,49.360001,0.11,-0.25,-0.36
638,2016-07-15,PDCO,49.220001,49.639999,49.169998,49.549999,1123600.0,,,,,49.599998,49.560001,49.470001,-0.25,0.379997,0.629997
639,2016-07-18,PDCO,49.599998,49.849998,49.349998,49.560001,659400.0,,,,,49.52,49.450001,49.220001,0.379997,-0.079998,-0.459995
640,2016-07-19,PDCO,49.52,49.580002,49.099998,49.450001,684400.0,,,,,49.599998,49.59,49.599998,-0.079998,0.079998,0.159996
641,2016-07-20,PDCO,49.599998,49.799999,49.48,49.59,586200.0,,,,,49.330002,49.459999,49.52,0.079998,-0.269996,-0.349994
642,2016-07-21,PDCO,49.330002,49.77,49.169998,49.459999,692700.0,,,,,49.509998,49.419998,49.599998,-0.269996,0.179996,0.449992
643,2016-07-22,PDCO,49.509998,49.830002,49.299999,49.419998,444700.0,,,,,49.400002,49.560001,49.330002,0.179996,-0.109996,-0.289992
644,2016-07-25,PDCO,49.400002,49.560001,48.970001,49.560001,564100.0,,,,,49.34,49.25,49.509998,-0.109996,-0.060002,0.049994
645,2016-07-26,PDCO,49.34,49.540001,49.029999,49.25,474100.0,,,,,48.849998,49.41,49.400002,-0.060002,-0.490002,-0.43
646,2016-07-27,PDCO,48.849998,49.41,48.549999,49.41,405900.0,,,,,48.919998,48.810001,49.34,-0.490002,0.07,0.560002
647,2016-07-28,PDCO,48.919998,49.25,48.580002,48.810001,290600.0,,,,,49.360001,48.830002,48.849998,0.07,0.440003,0.370003
648,2016-07-29,PDCO,49.360001,49.43,48.759998,48.830002,500600.0,,,,,49.189999,49.279999,48.919998,0.440003,-0.170002,-0.610005
649,2016-08-01,PDCO,49.189999,49.689999,49.110001,49.279999,662000.0,,,,,48.889999,49.119999,49.360001,-0.170002,-0.3,-0.129998
650,2016-08-02,PDCO,48.889999,49.220001,48.66,49.119999,551700.0,,,,,49.18,48.740002,49.189999,-0.3,0.290001,0.590001
651,2016-08-03,PDCO,49.18,49.23,48.650002,48.740002,633300.0,,,,,47.360001,48.880001,48.889999,0.290001,-1.819999,-2.11
652,2016-08-04,PDCO,47.360001,48.98,46.830002,48.880001,1847400.0,,,,,48.09,47.59,49.18,-1.819999,0.729999,2.549998
653,2016-08-05,PDCO,48.09,48.099998,47.25,47.59,1252600.0,,,,,46.32,47.099998,47.360001,0.729999,-1.77,-2.499999
654,2016-08-08,PDCO,46.32,47.450001,45.599998,47.099998,2379000.0,,,,,45.98,46.23,48.09,-1.77,-0.34,1.43
655,2016-08-09,PDCO,45.98,46.830002,45.75,46.23,1760800.0,,,,,46.060001,45.990002,46.32,-0.34,0.080001,0.420001
656,2016-08-10,PDCO,46.060001,46.310001,45.77,45.990002,799700.0,,,,,46.41,46.330002,45.98,0.080001,0.349999,0.269998
657,2016-08-11,PDCO,46.41,46.73,46.0,46.330002,596100.0,,,,,45.970001,46.509998,46.060001,0.349999,-0.439999,-0.789998
658,2016-08-12,PDCO,45.970001,46.950001,45.889999,46.509998,644200.0,,,,,45.91,45.91,46.41,-0.439999,-0.060001,0.379998
659,2016-08-15,PDCO,45.91,46.18,45.720001,45.91,829800.0,,,,,45.959999,45.869999,45.970001,-0.060001,0.049999,0.11
660,2016-08-16,PDCO,45.959999,46.099998,45.619999,45.869999,617300.0,,,,,45.029999,45.939999,45.91,0.049999,-0.93,-0.979999
661,2016-08-17,PDCO,45.029999,46.119999,44.939999,45.939999,1291400.0,,,,,45.540001,45.0,45.959999,-0.93,0.510002,1.440002
662,2016-08-18,PDCO,45.540001,45.799999,45.0,45.0,1118400.0,,,,,46.57,45.43,45.029999,0.510002,1.029999,0.519997
663,2016-08-19,PDCO,46.57,46.580002,45.16,45.43,1317700.0,,,,,46.919998,46.41,45.540001,1.029999,0.349998,-0.680001
664,2016-08-22,PDCO,46.919998,46.959999,46.25,46.41,1348800.0,,,,,46.75,47.150002,46.57,0.349998,-0.169998,-0.519996
665,2016-08-23,PDCO,46.75,47.59,46.75,47.150002,1430600.0,,,,,45.740002,46.610001,46.919998,-0.169998,-1.009998,-0.84
666,2016-08-24,PDCO,45.740002,46.740002,45.470001,46.610001,2171700.0,,,,,45.990002,44.98,46.75,-1.009998,0.25,1.259998
667,2016-08-25,PDCO,45.990002,46.209999,44.549999,44.98,2437600.0,0.8807,0.0,0.866,0.134,46.189999,45.990002,45.740002,0.25,0.199997,-0.050003
668,2016-08-26,PDCO,46.189999,46.310001,45.349998,45.990002,1625900.0,,,,,46.349998,46.220001,45.990002,0.199997,0.159999,-0.039998
669,2016-08-29,PDCO,46.349998,46.880001,46.16,46.220001,1231400.0,,,,,46.209999,46.380001,46.189999,0.159999,-0.139999,-0.299998
670,2016-08-30,PDCO,46.209999,46.599998,45.799999,46.380001,1025100.0,,,,,46.0,45.990002,46.349998,-0.139999,-0.209999,-0.07
671,2016-08-31,PDCO,46.0,47.34,45.720001,45.990002,903700.0,,,,,46.029999,46.139999,46.209999,-0.209999,0.029999,0.239998
672,2016-09-01,PDCO,46.029999,46.189999,45.889999,46.139999,750100.0,,,,,46.889999,46.18,46.0,0.029999,0.86,0.830001
673,2016-09-02,PDCO,46.889999,47.200001,46.18,46.18,616500.0,,,,,47.0,47.09,46.029999,0.86,0.110001,-0.749999
674,2016-09-06,PDCO,47.0,47.169998,46.720001,47.09,647400.0,,,,,47.18,46.93,46.889999,0.110001,0.18,0.069999
675,2016-09-07,PDCO,47.18,47.34,46.810001,46.93,840900.0,,,,,46.66,47.0,47.0,0.18,-0.52,-0.7
676,2016-09-08,PDCO,46.66,47.200001,46.639999,47.0,923800.0,,,,,45.02,46.349998,47.18,-0.52,-1.64,-1.12
677,2016-09-09,PDCO,45.02,46.619999,45.0,46.349998,1864700.0,,,,,45.779999,44.959999,46.66,-1.64,0.759999,2.399999
678,2016-09-12,PDCO,45.779999,45.959999,44.860001,44.959999,1360200.0,,,,,45.290001,45.529999,45.02,0.759999,-0.489998,-1.249997
679,2016-09-13,PDCO,45.290001,45.689999,45.060001,45.529999,1465000.0,,,,,45.330002,44.040001,45.779999,-0.489998,0.040001,0.529999
680,2016-09-14,PDCO,45.330002,45.669998,44.040001,44.040001,1220500.0,,,,,46.029999,45.369999,45.290001,0.040001,0.699997,0.659996
681,2016-09-15,PDCO,46.029999,46.130001,45.310001,45.369999,663200.0,,,,,46.139999,46.0,45.330002,0.699997,0.11,-0.589997
682,2016-09-16,PDCO,46.139999,46.32,45.580002,46.0,1516400.0,,,,,46.049999,46.080002,46.029999,0.11,-0.09,-0.2
683,2016-09-19,PDCO,46.049999,46.41,45.599998,46.080002,717000.0,,,,,46.23,46.41,46.139999,-0.09,0.180001,0.270001
684,2016-09-20,PDCO,46.23,46.610001,45.98,46.41,595600.0,,,,,46.799999,46.290001,46.049999,0.180001,0.569999,0.389998
685,2016-09-21,PDCO,46.799999,46.869999,46.200001,46.290001,614500.0,,,,,47.18,47.0,46.23,0.569999,0.380001,-0.189998
686,2016-09-22,PDCO,47.18,47.389999,46.91,47.0,549000.0,,,,,46.68,46.919998,46.799999,0.380001,-0.5,-0.880001
687,2016-09-23,PDCO,46.68,47.34,46.549999,46.919998,728200.0,,,,,45.900002,46.419998,47.18,-0.5,-0.779998,-0.279998
688,2016-09-26,PDCO,45.900002,46.48,45.66,46.419998,838700.0,,,,,45.900002,46.0,46.68,-0.779998,0.0,0.779998
689,2016-09-27,PDCO,45.900002,46.130001,45.709999,46.0,996800.0,,,,,46.18,45.779999,45.900002,0.0,0.279998,0.279998
690,2016-09-28,PDCO,46.18,46.200001,45.66,45.779999,1000900.0,,,,,45.459999,46.139999,45.900002,0.279998,-0.720001,-0.999999
691,2016-09-29,PDCO,45.459999,46.259998,45.279999,46.139999,602600.0,,,,,45.939999,45.77,46.18,-0.720001,0.48,1.200001
692,2016-09-30,PDCO,45.939999,46.130001,45.580002,45.77,675100.0,,,,,45.32,45.560001,45.459999,0.48,-0.619999,-1.099999
693,2016-10-03,PDCO,45.32,45.799999,45.18,45.560001,764100.0,,,,,44.740002,45.25,45.939999,-0.619999,-0.579998,0.040001
694,2016-10-04,PDCO,44.740002,45.560001,44.369999,45.25,901300.0,,,,,45.110001,44.740002,45.32,-0.579998,0.369999,0.949997
695,2016-10-05,PDCO,45.110001,45.34,44.560001,44.740002,1156000.0,,,,,45.360001,44.869999,44.740002,0.369999,0.25,-0.119999
696,2016-10-06,PDCO,45.360001,45.369999,44.599998,44.869999,735200.0,,,,,45.34,45.509998,45.110001,0.25,-0.020001,-0.270001
697,2016-10-07,PDCO,45.34,45.59,45.049999,45.509998,836100.0,,,,,45.919998,45.59,45.360001,-0.020001,0.579998,0.599999
698,2016-10-10,PDCO,45.919998,46.16,45.200001,45.59,508600.0,,,,,45.5,45.669998,45.34,0.579998,-0.419998,-0.999996
699,2016-10-11,PDCO,45.5,46.360001,45.16,45.669998,884000.0,,,,,45.5,45.43,45.919998,-0.419998,0.0,0.419998
700,2016-10-12,PDCO,45.5,45.560001,45.02,45.43,842100.0,,,,,45.299999,45.27,45.5,0.0,-0.200001,-0.200001
701,2016-10-13,PDCO,45.299999,45.48,45.110001,45.27,1145600.0,,,,,44.41,45.419998,45.5,-0.200001,-0.889999,-0.689998
702,2016-10-14,PDCO,44.41,45.43,44.41,45.419998,939500.0,,,,,44.09,44.400002,45.299999,-0.889999,-0.32,0.569999
703,2016-10-17,PDCO,44.09,44.52,44.07,44.400002,543600.0,,,,,44.580002,44.57,44.41,-0.32,0.490002,0.810002
704,2016-10-18,PDCO,44.580002,44.84,44.150002,44.57,608200.0,,,,,44.389999,44.66,44.09,0.490002,-0.190003,-0.680005
705,2016-10-19,PDCO,44.389999,44.790001,44.349998,44.66,573600.0,,,,,44.049999,44.209999,44.580002,-0.190003,-0.34,-0.149997
706,2016-10-20,PDCO,44.049999,44.330002,43.77,44.209999,1018000.0,,,,,43.91,43.810001,44.389999,-0.34,-0.139999,0.200001
707,2016-10-21,PDCO,43.91,44.110001,43.41,43.810001,732400.0,,,,,43.799999,44.119999,44.049999,-0.139999,-0.110001,0.029998
708,2016-10-24,PDCO,43.799999,44.369999,43.759998,44.119999,595600.0,,,,,44.439999,43.779999,43.91,-0.110001,0.64,0.750001
709,2016-10-25,PDCO,44.439999,44.48,43.389999,43.779999,1439200.0,,,,,42.970001,44.349998,43.799999,0.64,-1.469998,-2.109998
710,2016-10-26,PDCO,42.970001,44.509998,42.84,44.349998,1383100.0,,,,,42.630001,43.060001,44.439999,-1.469998,-0.34,1.129998
711,2016-10-27,PDCO,42.630001,43.18,42.380001,43.060001,1274400.0,,,,,42.759998,42.439999,42.970001,-0.34,0.129997,0.469997
712,2016-10-28,PDCO,42.759998,43.060001,42.080002,42.439999,1091400.0,,,,,42.709999,42.560001,42.630001,0.129997,-0.049999,-0.179996
713,2016-10-31,PDCO,42.709999,43.009998,42.119999,42.560001,1048500.0,,,,,43.939999,43.0,42.759998,-0.049999,1.23,1.279999
714,2016-11-01,PDCO,43.939999,44.98,42.75,43.0,2973100.0,,,,,45.34,44.009998,42.709999,1.23,1.400001,0.170001
715,2016-11-02,PDCO,45.34,45.82,43.759998,44.009998,2103500.0,,,,,45.380001,45.52,43.939999,1.400001,0.040001,-1.36
716,2016-11-03,PDCO,45.380001,46.169998,45.279999,45.52,1839400.0,,,,,45.759998,45.380001,45.34,0.040001,0.379997,0.339996
717,2016-11-04,PDCO,45.759998,46.07,45.259998,45.380001,1009200.0,,,,,46.669998,46.459999,45.380001,0.379997,0.91,0.530003
718,2016-11-07,PDCO,46.669998,46.799999,46.220001,46.459999,788600.0,,,,,46.669998,46.57,45.759998,0.91,0.0,-0.91
719,2016-11-08,PDCO,46.669998,46.830002,46.16,46.57,822500.0,,,,,47.009998,46.889999,46.669998,0.0,0.34,0.34
720,2016-11-09,PDCO,47.009998,47.139999,46.0,46.889999,874400.0,,,,,47.48,47.470001,46.669998,0.34,0.470002,0.130002
721,2016-11-10,PDCO,47.48,47.919998,46.860001,47.470001,1510200.0,,,,,47.66,47.330002,47.009998,0.470002,0.18,-0.290002
722,2016-11-11,PDCO,47.66,47.880001,46.900002,47.330002,823400.0,,,,,47.880001,47.77,47.48,0.18,0.220001,0.040001
723,2016-11-14,PDCO,47.880001,47.990002,47.23,47.77,838600.0,,,,,48.07,48.0,47.66,0.220001,0.189999,-0.030002
724,2016-11-15,PDCO,48.07,48.23,47.630001,48.0,990300.0,,,,,48.360001,48.049999,47.880001,0.189999,0.290001,0.100002
725,2016-11-16,PDCO,48.360001,48.66,47.91,48.049999,939700.0,,,,,48.23,48.27,48.07,0.290001,-0.130001,-0.420002
726,2016-11-17,PDCO,48.23,48.68,48.139999,48.27,820600.0,,,,,46.490002,47.75,48.360001,-0.130001,-1.739998,-1.609997
727,2016-11-18,PDCO,46.490002,47.919998,46.23,47.75,2349400.0,,,,,47.509998,46.52,48.23,-1.739998,1.019996,2.759994
728,2016-11-21,PDCO,47.509998,49.259998,46.470001,46.52,4287000.0,,,,,39.560001,39.209999,46.490002,1.019996,-7.949997,-8.969993
729,2016-11-22,PDCO,39.560001,40.52,36.459999,39.209999,14683400.0,0.93,0.012,0.879,0.109,39.259998,39.610001,47.509998,-7.949997,-0.300003,7.649994
730,2016-11-23,PDCO,39.259998,40.150002,38.150002,39.610001,7456500.0,0.296,0.0,0.963,0.037,39.049999,39.25,39.560001,-0.300003,-0.209999,0.090004
731,2016-11-25,PDCO,39.049999,39.330002,38.5,39.25,1926600.0,,,,,38.799999,38.869999,39.259998,-0.209999,-0.25,-0.040001
732,2016-11-28,PDCO,38.799999,39.049999,38.240002,38.869999,2735800.0,,,,,38.869999,38.689999,39.049999,-0.25,0.07,0.32
733,2016-11-29,PDCO,38.869999,38.919998,38.619999,38.689999,2411300.0,,,,,38.740002,38.540001,38.799999,0.07,-0.129997,-0.199997
734,2016-11-30,PDCO,38.740002,39.27,38.509998,38.540001,4448700.0,,,,,39.040001,38.709999,38.869999,-0.129997,0.299999,0.429996
735,2016-12-01,PDCO,39.040001,39.189999,38.689999,38.709999,2179600.0,,,,,39.200001,39.040001,38.740002,0.299999,0.16,-0.139999
736,2016-12-02,PDCO,39.200001,39.43,38.93,39.040001,1702200.0,,,,,39.610001,39.48,39.040001,0.16,0.41,0.25
737,2016-12-05,PDCO,39.610001,39.66,39.209999,39.48,1550700.0,,,,,40.369999,39.799999,39.200001,0.41,0.759998,0.349998
738,2016-12-06,PDCO,40.369999,40.419998,39.759998,39.799999,2572900.0,,,,,39.93,40.360001,39.610001,0.759998,-0.439999,-1.199997
739,2016-12-07,PDCO,39.93,40.360001,39.830002,40.360001,1782200.0,,,,,39.830002,39.900002,40.369999,-0.439999,-0.099998,0.340001
740,2016-12-08,PDCO,39.830002,40.02,39.779999,39.900002,1988500.0,,,,,40.400002,39.98,39.93,-0.099998,0.57,0.669998
741,2016-12-09,PDCO,40.400002,40.419998,39.869999,39.98,1976100.0,,,,,40.580002,40.389999,39.830002,0.57,0.18,-0.39
742,2016-12-12,PDCO,40.580002,41.23,40.23,40.389999,1431900.0,,,,,,,40.400002,0.18,,
